±»»›¡ø/mAh/g,µÁ—π/V
0.0,0.9888
0.0,0.9873
0.0,0.9856
0.0,0.9840
0.0,0.9826
0.0,0.9811
0.0,0.9797
0.0,0.9783
0.0,0.9770
0.0,0.9756
0.0,0.9744
0.0,0.9732
0.0,0.9721
0.0,0.9708
0.0,0.9697
0.0,0.9688
0.0,0.9677
0.0,0.9666
0.0,0.9657
0.0,0.9648
0.0,0.9637
0.0,0.9629
0.0,0.9620
0.0,0.9611
0.0,0.9603
0.0,0.9594
0.0,0.9586
0.0,0.9580
0.0,0.9570
0.0,0.9564
0.0,0.9556
0.0,0.9549
0.0,0.9541
0.0,0.9535
0.0,0.9527
0.0,0.9521
0.0,0.9515
0.0,0.9507
0.0,0.9501
0.0,0.9494
0.0,0.9488
0.0,0.9482
0.0,0.9476
0.0,0.9470
0.0,0.9465
0.0,0.9459
0.0,0.9454
0.0,0.9448
0.0,0.9442
0.0,0.9437
0.0,0.9432
0.0,0.9426
0.0,0.9422
0.0,0.9417
0.0,0.9412
0.0,0.9406
0.0,0.9403
0.0,0.9397
0.0,0.9392
0.0,0.9387
0.0,0.9384
0.0,0.9380
0.0,0.9375
0.0,0.9370
0.0,0.9366
0.0,0.9361
0.0,0.9358
0.0,0.9353
0.0,0.9349
0.0,0.9346
0.0,0.9341
0.0,0.9338
0.0,0.9333
0.0,0.9328
0.0,0.9325
0.0,0.9321
0.0,0.9318
0.0,0.9315
0.0,0.9310
0.0,0.9307
0.0,0.9304
0.0,0.9299
0.0,0.9296
0.0,0.9293
0.0,0.9290
0.0,0.9287
0.0,0.9282
0.0,0.9279
0.0,0.9276
0.0,0.9273
0.0,0.9270
0.0,0.9266
0.0,0.9263
0.0,0.9260
0.0,0.9257
0.0,0.9254
0.0,0.9253
0.0,0.9249
0.0,0.9246
0.0,0.9243
0.0,0.9240
0.0,0.9239
0.0,0.9235
0.0,0.9234
0.0,0.9231
0.0,0.9229
0.0,0.9226
0.0,0.9223
0.0,0.9220
0.0,0.9217
0.0,0.9215
0.0,0.9212
0.0,0.9209
0.0,0.9206
0.0,0.9204
0.0,0.9201
0.0,0.9198
0.0,0.9197
0.0,0.9194
0.0,0.9192
0.0,0.9189
0.0,0.9187
0.0,0.9184
0.0,0.9183
0.0,0.9180
0.0,0.9178
0.0,0.9175
0.0,0.9173
0.0,0.9170
0.0,0.9169
0.0,0.9166
0.0,0.9164
0.0,0.9163
0.0,0.9160
0.0,0.9158
0.0,0.9156
0.0,0.9153
0.0,0.9152
0.0,0.9149
0.0,0.9147
0.0,0.9144
0.0,0.9142
0.0,0.9141
0.0,0.9139
0.0,0.9136
0.0,0.9135
0.0,0.9133
0.0,0.9130
0.0,0.9129
0.0,0.9127
0.0,0.9125
0.0,0.9124
0.0,0.9122
0.0,0.9119
0.0,0.9118
0.0,0.9116
0.0,0.9115
0.0,0.9113
0.0,0.9111
0.0,0.9110
0.0,0.9108
0.0,0.9107
0.0,0.9105
0.0,0.9102
0.0,0.9102
0.0,0.9099
0.0,0.9098
0.0,0.9096
0.0,0.9094
0.0,0.9093
0.0,0.9091
0.0,0.9090
0.0,0.9088
0.0,0.9087
0.0,0.9085
0.0,0.9084
0.0,0.9082
0.0,0.9079
0.0,0.9077
0.0,0.9076
0.0,0.9074
0.0,0.9073
0.0,0.9071
0.0,0.9070
0.0,0.9068
0.0,0.9067
0.0,0.9067
0.0,0.9063
0.0,0.9063
0.0,0.9062
0.0,0.9060
0.0,0.9059
0.0,0.9057
0.0,0.9056
0.0,0.9054
0.0,0.9053
0.0,0.9053
0.0,0.9051
0.0,0.9049
0.0,0.9048
0.0,0.9046
0.0,0.9045
0.0,0.9043
0.0,0.9042
0.0,0.9040
0.0,0.9039
0.0,0.9037
0.0,0.9037
0.0,0.9036
0.0,0.9034
0.0,0.9032
0.0,0.9031
0.0,0.9029
0.0,0.9028
0.0,0.9028
0.0,0.9026
0.0,0.9025
0.0,0.9023
0.0,0.9023
0.0,0.9022
0.0,0.9020
0.0,0.9018
0.0,0.9018
0.0,0.9017
0.0,0.9015
0.0,0.9015
0.0,0.9014
0.0,0.9012
0.0,0.9012
0.0,0.9011
0.0,0.9009
0.0,0.9008
0.0,0.9008
0.0,0.9006
0.0,0.9006
0.0,0.9005
0.0,0.9003
0.0,0.9001
0.0,0.9001
0.0,0.9001
0.0,0.9000
0.0,0.8998
0.0,0.8997
0.0,0.8995
0.0,0.8995
0.0,0.8994
0.0,0.8992
0.0,0.8992
0.0,0.8991
0.0,0.8989
0.0,0.8989
0.0,0.8987
0.0,0.8986
0.0,0.8986
0.0,0.8984
0.0,0.8984
0.0,0.8983
0.0,0.8983
0.0,0.8981
0.0,0.8980
0.0,0.8980
0.0,0.8978
0.0,0.8978
0.0,0.8977
0.0,0.8977
0.0,0.8975
0.0,0.8974
0.0,0.8974
0.0,0.8972
0.0,0.8970
0.0,0.8970
0.0,0.8969
0.0,0.8967
0.0,0.8967
0.0,0.8966
0.0,0.8964
0.0,0.8964
0.0,0.8963
0.0,0.8963
0.0,0.8961
0.0,0.8961
0.0,0.8960
0.0,0.8960
0.0,0.8958
0.0,0.8958
0.0,0.8956
0.0,0.8956
0.0,0.8955
0.0,0.8955
0.0,0.8953
0.0,0.8953
0.0,0.8952
0.0,0.8952
0.0,0.8952
0.0,0.8950
0.0,0.8950
0.0,0.8949
0.0,0.8949
0.0,0.8947
0.0,0.8947
0.0,0.8946
0.0,0.8946
0.0,0.8944
0.0,0.8943
0.0,0.8943
0.0,0.8941
0.0,0.8941
0.0,0.8939
0.0,0.8939
0.0,0.8938
0.0,0.8938
0.0,0.8936
0.0,0.8936
0.0,0.8935
0.0,0.8935
0.0,0.8933
0.0,0.8933
0.0,0.8932
0.0,0.8932
0.0,0.8932
0.0,0.8930
0.0,0.8930
0.0,0.8930
0.0,0.8929
0.0,0.8929
0.0,0.8927
0.0,0.8927
0.0,0.8927
0.0,0.8927
0.0,0.8925
0.0,0.8925
0.0,0.8924
0.0,0.8924
0.0,0.8922
0.0,0.8922
0.0,0.8921
0.0,0.8919
0.0,0.8919
0.0,0.8919
0.0,0.8918
0.0,0.8918
0.0,0.8916
0.0,0.8916
0.0,0.8916
0.0,0.8915
0.0,0.8915
0.0,0.8915
0.0,0.8913
0.0,0.8913
0.0,0.8912
0.0,0.8912
0.0,0.8912
0.0,0.8912
0.0,0.8910
0.0,0.8910
0.0,0.8908
0.0,0.8908
0.0,0.8908
0.0,0.8908
0.0,0.8908
0.0,0.8907
0.0,0.8907
0.0,0.8907
0.0,0.8905
0.0,0.8905
0.0,0.8905
0.0,0.8904
0.0,0.8904
0.0,0.8902
0.0,0.8902
0.0,0.8901
0.0,0.8901
0.0,0.8899
0.0,0.8899
0.0,0.8898
0.0,0.8898
0.0,0.8898
0.0,0.8898
0.0,0.8896
0.0,0.8896
0.0,0.8896
0.0,0.8894
0.0,0.8894
0.0,0.8894
0.0,0.8893
0.0,0.8893
0.0,0.8893
0.0,0.8893
0.0,0.8893
0.0,0.8891
0.0,0.8891
0.0,0.8891
0.0,0.8891
0.0,0.8890
0.0,0.8890
0.0,0.8890
0.0,0.8890
0.0,0.8888
0.0,0.8887
0.0,0.8887
0.0,0.8887
0.0,0.8885
0.0,0.8885
0.0,0.8885
0.0,0.8885
0.0,0.8884
0.0,0.8884
0.0,0.8882
0.0,0.8882
0.0,0.8882
0.0,0.8882
0.0,0.8882
0.0,0.8881
0.0,0.8881
0.0,0.8881
0.0,0.8881
0.0,0.8881
0.0,0.8879
0.0,0.8879
0.0,0.8879
0.0,0.8879
0.0,0.8879
0.0,0.8879
0.0,0.8879
0.0,0.8877
0.0,0.8877
0.0,0.8877
0.0,0.8877
0.0,0.8877
0.0,0.8876
0.0,0.8876
0.0,0.8876
0.0,0.8874
0.0,0.8874
0.0,0.8874
0.0,0.8873
0.0,0.8873
0.0,0.8871
0.0,0.8871
0.0,0.8871
0.0,0.8871
0.0,0.8870
0.0,0.8870
0.0,0.8870
0.0,0.8870
0.0,0.8870
0.0,0.8868
0.0,0.8868
0.0,0.8868
0.0,0.8868
0.0,0.8868
0.0,0.8868
0.0,0.8868
0.0,0.8867
0.0,0.8867
0.0,0.8867
0.0,0.8867
0.0,0.8867
0.0,0.8867
0.0,0.8865
0.0,0.8865
0.0,0.8865
0.0,0.8863
0.0,0.8863
0.0,0.8863
0.0,0.8862
0.0,0.8862
0.0,0.8862
0.0,0.8862
0.0,0.8862
0.0,0.8860
0.0,0.8860
0.0,0.8860
0.0,0.8860
0.0,0.8860
0.0,0.8859
0.0,0.8859
0.0,0.8859
0.0,0.8859
0.0,0.8859
0.0,0.8859
0.0,0.8859
0.0,0.8857
0.0,0.8857
0.0,0.8857
0.0,0.8857
0.0,0.8857
0.0,0.8857
0.0,0.8857
0.0,0.8857
0.0,0.8856
0.0,0.8856
0.0,0.8856
0.0,0.8856
0.0,0.8856
0.0,0.8856
0.0,0.8854
0.0,0.8854
0.0,0.8854
0.0,0.8853
0.0,0.8853
0.0,0.8853
0.0,0.8853
0.0,0.8851
0.0,0.8851
0.0,0.8851
0.0,0.8851
0.0,0.8851
0.0,0.8851
0.0,0.8850
0.0,0.8850
0.0,0.8850
0.0,0.8850
0.0,0.8850
0.0,0.8850
0.0,0.8850
0.0,0.8850
0.0,0.8848
0.0,0.8848
0.0,0.8848
0.0,0.8848
0.0,0.8848
0.0,0.8848
0.0,0.8848
0.0,0.8848
0.0,0.8846
0.0,0.8846
0.0,0.8846
0.0,0.8846
0.0,0.8845
0.0,0.8845
0.0,0.8845
0.0,0.8845
0.0,0.8845
0.0,0.8845
0.0,0.8843
0.0,0.8843
0.0,0.8843
0.0,0.8843
0.0,0.8843
0.0,0.8843
0.0,0.8842
0.0,0.8842
0.0,0.8842
0.0,0.8842
0.0,0.8842
0.0,0.8842
0.0,0.8842
0.0,0.8842
0.0,0.8842
0.0,0.8842
0.0,0.8842
0.0,0.8842
0.0,0.8842
0.0,0.8842
0.0,0.8842
0.0,0.8840
0.0,0.8840
0.0,0.8840
0.0,0.8840
0.0,0.8840
0.0,0.8839
0.0,0.8839
0.0,0.8839
0.0,0.8839
0.0,0.8837
0.0,0.8837
0.0,0.8837
0.0,0.8837
0.0,0.8837
0.0,0.8837
0.0,0.8837
0.0,0.8836
0.0,0.8836
0.0,0.8836
0.0,0.8836
0.0,0.8836
0.0,0.8836
0.0,0.8836
0.0,0.8836
0.0,0.8836
0.0,0.8836
0.0,0.8836
0.0,0.8836
0.0,0.8836
0.0,0.8834
0.0,0.8834
0.0,0.8834
0.0,0.8834
0.0,0.8834
0.0,0.8829
0.0,0.8828
0.0,0.8828
0.0,0.8828
0.0,0.8828
0.0,0.8828
0.0,0.8826
0.0,0.8826
0.0,0.8826
0.0,0.8828
0.0,0.8828
0.0,0.8826
0.0,0.8828
0.0,0.8828
0.0,0.8828
0.0,0.8828
0.0,0.8828
0.0,0.8828
0.0,0.8828
0.0,0.8828
0.0,0.8828
0.0,0.8828
0.0,0.8828
0.0,0.8828
0.0,0.8828
0.0,0.8828
0.0,0.8828
0.0,0.8828
0.0,0.8828
0.0,0.8828
0.0,0.8828
0.0,0.8828
0.0,0.8828
0.0,0.8828
0.0,0.8828
0.0,0.8828
0.0,0.8828
0.0,0.8828
0.0,0.8828
0.0,0.8826
0.0,0.8826
0.0,0.8826
0.0,0.8826
0.0,0.8826
0.0,0.8826
0.0,0.8826
0.0,0.8826
0.0,0.8826
0.0,0.8825
0.0,0.8825
0.0,0.8825
0.0,0.8825
0.0,0.8825
0.0,0.8825
0.0,0.8825
0.0,0.8825
0.0,0.8825
0.0,0.8825
0.0,0.8825
0.0,0.8825
0.0,0.8825
0.0,0.8825
0.0,0.8825
0.0,0.8825
0.0,0.8825
0.0,0.8825
0.0,0.8825
0.0,0.8825
0.0,0.8825
0.0,0.8825
0.0,0.8825
0.0,0.8823
0.0,0.8823
0.0,0.8823
0.0,0.8823
0.0,0.8823
0.0,0.8823
0.0,0.8823
0.0,0.8823
0.0,0.8823
0.0,0.8823
0.0,0.8823
0.0,0.8822
0.0,0.8822
0.0,0.8822
0.0,0.8822
0.0,0.8822
0.0,0.8822
0.0,0.8822
0.0,0.8822
0.0,0.8822
0.0,0.8822
0.0,0.8822
0.0,0.8822
0.0,0.8822
0.0,0.8822
0.0,0.8822
0.0,0.8822
0.0,0.8822
0.0,0.8822
0.0,0.8822
0.0,0.8822
0.0,0.8822
0.0,0.8820
0.0,0.8822
0.0,0.8820
0.0,0.8820
0.0,0.8820
0.0,0.8820
0.0,0.8820
0.0,0.8820
0.0,0.8820
0.0,0.8820
0.0,0.8820
0.0,0.8820
0.0,0.8820
0.0,0.8820
0.0,0.8820
0.0,0.8820
0.0,0.8820
0.0,0.8820
0.0,0.8820
0.0,0.8820
0.0,0.8820
0.0,0.8820
0.0,0.8820
0.0,0.8820
0.0,0.8822
0.0,0.8822
0.0,0.8822
0.0,0.8822
0.0,1.3653
0.1,1.3653
0.0,0.7219
0.1,0.4999
0.2,0.4140
0.4,0.3668
0.5,0.3322
0.7,0.3071
0.9,0.2703
1.1,0.2551
1.2,0.2401
1.4,0.2283
1.5,0.2200
1.6,0.2125
1.8,0.2071
1.9,0.2032
2.1,0.1976
2.2,0.1935
2.3,0.1882
2.5,0.1834
2.6,0.1783
2.7,0.1727
2.9,0.1679
3.0,0.1634
3.1,0.1589
3.3,0.1541
3.4,0.1499
3.6,0.1460
3.7,0.1414
3.9,0.1383
4.0,0.1347
4.1,0.1319
4.3,0.1285
4.4,0.1260
4.5,0.1231
4.7,0.1203
4.8,0.1178
5.0,0.1152
5.1,0.1128
5.3,0.1107
5.4,0.1087
5.5,0.1068
5.7,0.1053
5.8,0.1032
5.9,0.1017
6.1,0.1004
6.2,0.0989
6.4,0.0977
6.5,0.0966
6.6,0.0953
6.8,0.0944
6.9,0.0935
7.1,0.0925
7.2,0.0918
7.3,0.0911
7.5,0.0905
7.6,0.0902
7.7,0.0898
7.9,0.0894
8.0,0.0891
8.2,0.0890
8.3,0.0890
8.4,0.0888
8.6,0.0888
8.7,0.0890
8.8,0.0891
9.0,0.0894
9.1,0.0896
9.3,0.0899
9.4,0.0904
9.6,0.0908
9.7,0.0911
9.8,0.0916
10.0,0.0922
10.1,0.0929
10.2,0.0933
10.4,0.0941
10.5,0.0949
10.7,0.0956
10.8,0.0963
11.0,0.0972
11.1,0.0978
11.2,0.0987
11.4,0.0995
11.5,0.1004
11.6,0.1012
11.8,0.1022
11.9,0.1029
12.0,0.1039
12.2,0.1048
12.3,0.1057
12.5,0.1066
12.6,0.1076
12.9,0.1096
13.0,0.1102
13.2,0.1110
13.3,0.1116
13.4,0.1125
13.6,0.1133
13.7,0.1142
13.9,0.1150
14.0,0.1158
14.1,0.1164
14.3,0.1170
14.4,0.1180
14.6,0.1186
14.7,0.1192
14.8,0.1198
15.0,0.1204
15.1,0.1212
15.2,0.1217
15.4,0.1221
15.5,0.1228
15.7,0.1232
15.8,0.1237
16.0,0.1242
16.1,0.1246
16.2,0.1251
16.4,0.1256
16.5,0.1259
16.7,0.1263
16.8,0.1266
16.9,0.1270
17.0,0.1273
17.2,0.1276
17.3,0.1279
17.5,0.1282
17.6,0.1283
17.7,0.1287
17.9,0.1288
18.0,0.1291
18.2,0.1293
18.3,0.1294
18.4,0.1296
18.6,0.1297
18.7,0.1299
18.9,0.1301
19.0,0.1301
19.1,0.1302
19.3,0.1302
19.4,0.1304
19.6,0.1304
19.7,0.1304
19.8,0.1304
20.0,0.1302
20.1,0.1302
20.2,0.1301
20.4,0.1301
20.5,0.1299
20.7,0.1297
20.8,0.1296
20.9,0.1294
21.1,0.1294
21.2,0.1291
21.4,0.1290
21.5,0.1288
21.6,0.1287
21.8,0.1285
21.9,0.1283
22.0,0.1282
22.2,0.1280
22.3,0.1279
22.5,0.1279
22.6,0.1277
22.8,0.1274
22.9,0.1274
23.0,0.1273
23.2,0.1270
23.3,0.1270
23.4,0.1268
23.6,0.1268
23.7,0.1266
23.9,0.1265
24.0,0.1265
24.1,0.1263
24.3,0.1263
24.4,0.1263
24.6,0.1262
24.7,0.1262
24.8,0.1263
25.0,0.1262
25.1,0.1262
25.2,0.1262
25.4,0.1262
25.5,0.1262
25.7,0.1262
25.8,0.1260
25.9,0.1260
26.1,0.1259
26.2,0.1259
26.4,0.1257
26.5,0.1257
26.6,0.1257
26.8,0.1257
26.9,0.1256
27.0,0.1256
27.2,0.1254
27.3,0.1254
27.5,0.1254
27.6,0.1254
27.7,0.1252
27.9,0.1251
28.0,0.1249
28.2,0.1248
28.3,0.1246
28.5,0.1245
28.6,0.1243
28.7,0.1242
28.9,0.1240
29.0,0.1239
29.1,0.1237
29.3,0.1234
29.4,0.1234
29.6,0.1232
29.7,0.1231
29.8,0.1229
30.0,0.1229
30.1,0.1226
30.3,0.1225
30.4,0.1223
30.5,0.1221
30.6,0.1218
30.8,0.1217
30.9,0.1217
31.1,0.1214
31.2,0.1212
31.4,0.1209
31.5,0.1208
31.7,0.1204
31.8,0.1203
31.9,0.1198
32.1,0.1197
32.2,0.1192
32.3,0.1190
32.5,0.1186
32.6,0.1183
32.7,0.1181
32.9,0.1178
33.0,0.1177
33.2,0.1173
33.3,0.1169
33.4,0.1167
33.6,0.1166
33.7,0.1161
33.9,0.1159
34.0,0.1153
34.1,0.1150
34.3,0.1149
34.4,0.1146
34.5,0.1146
34.7,0.1141
34.8,0.1138
35.0,0.1133
35.1,0.1130
35.2,0.1125
35.4,0.1124
35.5,0.1119
35.6,0.1116
35.8,0.1113
35.9,0.1111
36.1,0.1110
36.2,0.1111
36.3,0.1110
36.5,0.1105
36.7,0.1099
36.8,0.1096
36.9,0.1094
37.0,0.1090
37.2,0.1085
37.3,0.1080
37.5,0.1074
37.6,0.1068
37.7,0.1062
37.9,0.1056
38.1,0.1049
38.2,0.1045
38.3,0.1040
38.5,0.1032
38.6,0.1025
38.7,0.1022
38.8,0.1014
39.0,0.1015
39.1,0.1008
39.3,0.0997
39.4,0.0992
39.6,0.0986
39.7,0.0975
39.8,0.0966
40.0,0.0960
40.1,0.0953
40.3,0.0942
40.4,0.0933
40.5,0.0924
40.7,0.0913
40.8,0.0904
40.9,0.0891
41.1,0.0885
41.2,0.0880
41.3,0.0871
41.5,0.0862
41.7,0.0854
41.8,0.0853
41.9,0.0845
42.1,0.0832
42.2,0.0818
42.3,0.0805
42.5,0.0797
42.6,0.0789
42.7,0.0778
42.9,0.0775
43.0,0.0775
43.2,0.0769
43.3,0.0763
43.4,0.0749
43.6,0.0739
43.7,0.0729
43.9,0.0718
44.0,0.0710
44.1,0.0705
44.3,0.0698
44.4,0.0687
44.5,0.0679
44.7,0.0671
44.8,0.0671
45.0,0.0662
45.1,0.0653
45.3,0.0646
45.4,0.0639
45.5,0.0626
45.7,0.0612
45.8,0.0606
45.9,0.0606
46.1,0.0605
46.2,0.0595
46.4,0.0586
46.5,0.0578
46.6,0.0574
46.8,0.0569
46.9,0.0564
47.1,0.0560
47.2,0.0558
47.3,0.0558
47.5,0.0561
47.6,0.0560
47.7,0.0560
47.9,0.0564
48.0,0.0563
48.2,0.0569
48.3,0.0550
48.4,0.0538
48.6,0.0522
48.7,0.0512
48.9,0.0499
0.0,0.1625
0.2,0.2254
0.3,0.2567
0.4,0.2671
0.6,0.2742
0.7,0.2806
0.9,0.2846
1.0,0.2883
1.1,0.2914
1.3,0.2951
1.4,0.2978
1.6,0.3013
1.7,0.3041
1.8,0.3072
2.0,0.3106
2.1,0.3137
2.2,0.3168
2.4,0.3204
2.5,0.3238
2.7,0.3275
2.8,0.3313
2.9,0.3351
3.1,0.3392
3.2,0.3424
3.3,0.3466
3.5,0.3505
3.6,0.3554
3.8,0.3592
3.9,0.3633
4.0,0.3666
4.2,0.3703
4.3,0.3740
4.5,0.3776
4.6,0.3807
4.7,0.3833
4.9,0.3857
5.0,0.3874
5.1,0.3886
5.3,0.3895
5.4,0.3903
5.6,0.3911
5.7,0.3919
5.9,0.3926
6.0,0.3933
6.1,0.3943
6.3,0.3954
6.4,0.3965
6.5,0.3978
6.7,0.3990
6.8,0.4007
7.0,0.4023
7.1,0.4040
7.2,0.4057
7.4,0.4077
7.5,0.4097
7.7,0.4122
7.8,0.4147
7.9,0.4170
8.1,0.4195
8.2,0.4222
8.4,0.4260
8.5,0.4288
8.6,0.4319
8.8,0.4353
8.9,0.4388
9.0,0.4424
9.2,0.4464
9.3,0.4498
9.5,0.4537
9.6,0.4576
9.7,0.4610
9.9,0.4641
10.0,0.4672
10.2,0.4708
10.3,0.4739
10.5,0.4773
10.6,0.4796
10.7,0.4818
10.8,0.4841
11.0,0.4861
11.1,0.4884
11.3,0.4903
11.4,0.4920
11.5,0.4937
11.7,0.4954
11.8,0.4971
11.9,0.4980
12.1,0.4994
12.2,0.5008
12.4,0.5021
12.5,0.5035
12.7,0.5044
12.8,0.5055
12.9,0.5064
13.1,0.5073
13.2,0.5083
13.3,0.5092
13.5,0.5103
13.6,0.5112
13.8,0.5120
13.9,0.5131
14.1,0.5140
14.2,0.5149
14.3,0.5159
14.5,0.5168
14.6,0.5176
14.7,0.5184
14.9,0.5194
15.0,0.5204
15.1,0.5211
15.3,0.5222
15.4,0.5230
15.6,0.5239
15.7,0.5249
15.9,0.5259
16.0,0.5267
16.1,0.5278
16.3,0.5287
16.4,0.5295
16.6,0.5306
16.7,0.5317
16.8,0.5326
17.0,0.5335
17.1,0.5346
17.2,0.5354
17.4,0.5365
17.5,0.5374
17.7,0.5385
17.8,0.5397
17.9,0.5407
18.1,0.5418
18.2,0.5430
18.3,0.5439
18.5,0.5452
18.7,0.5464
18.8,0.5473
18.9,0.5486
19.0,0.5497
19.2,0.5509
19.4,0.5523
19.5,0.5532
19.6,0.5545
19.8,0.5557
19.9,0.5570
20.0,0.5582
20.2,0.5596
20.3,0.5608
20.4,0.5621
20.6,0.5635
20.7,0.5649
20.8,0.5663
21.0,0.5675
21.1,0.5690
21.3,0.5704
21.4,0.5720
21.5,0.5735
21.7,0.5751
21.8,0.5765
22.0,0.5782
22.1,0.5797
22.2,0.5813
22.4,0.5830
22.5,0.5845
22.6,0.5862
22.8,0.5883
22.9,0.5900
23.1,0.5923
23.2,0.5937
23.3,0.5955
23.5,0.5977
23.6,0.5994
23.8,0.6016
23.9,0.6039
24.0,0.6055
24.2,0.6079
24.3,0.6100
24.4,0.6124
24.6,0.6149
24.7,0.6172
24.9,0.6200
25.0,0.6224
25.1,0.6252
25.3,0.6283
25.4,0.6310
25.6,0.6341
25.7,0.6382
25.8,0.6411
26.0,0.6450
26.1,0.6487
26.3,0.6532
26.4,0.6558
26.5,0.6600
26.7,0.6638
26.8,0.6679
27.0,0.6726
27.1,0.6769
27.2,0.6822
27.4,0.6879
27.5,0.6926
27.6,0.6985
27.8,0.7047
27.9,0.7118
28.1,0.7183
28.2,0.7267
28.3,0.7341
28.5,0.7423
28.6,0.7504
28.8,0.7586
28.9,0.7681
29.0,0.7774
29.2,0.7854
29.3,0.7969
29.5,0.8071
29.6,0.8141
29.7,0.8233
29.9,0.8329
30.0,0.8426
30.1,0.8529
30.3,0.8645
30.4,0.8727
30.6,0.8836
30.7,0.8927
30.8,0.9040
31.0,0.9147
31.1,0.9256
31.3,0.9389
31.4,0.9488
31.5,0.9609
31.7,0.9733
31.8,0.9846
32.0,0.9970
32.0,1.0004
0.0,0.8746
0.1,0.6898
0.3,0.6045
0.4,0.5911
0.6,0.5807
0.7,0.5725
0.8,0.5669
1.0,0.5621
1.1,0.5577
1.3,0.5532
1.4,0.5495
1.5,0.5466
1.7,0.5433
1.8,0.5399
1.9,0.5374
2.1,0.5348
2.2,0.5318
2.4,0.5297
2.5,0.5273
2.7,0.5250
2.8,0.5227
2.9,0.5210
3.1,0.5185
3.2,0.5168
3.3,0.5151
3.5,0.5131
3.6,0.5112
3.8,0.5092
3.9,0.5078
4.0,0.5061
4.2,0.5047
4.3,0.5032
4.5,0.5016
4.6,0.5002
4.8,0.4985
4.9,0.4973
5.0,0.4959
5.1,0.4946
5.3,0.4934
5.4,0.4918
5.6,0.4905
5.7,0.4892
5.8,0.4881
6.0,0.4870
6.1,0.4858
6.3,0.4846
6.4,0.4833
6.6,0.4824
6.7,0.4815
6.8,0.4804
6.9,0.4793
7.1,0.4784
7.2,0.4771
7.4,0.4762
7.5,0.4751
7.6,0.4742
7.8,0.4731
7.9,0.4722
8.1,0.4712
8.2,0.4701
8.3,0.4694
8.5,0.4683
8.6,0.4675
8.8,0.4664
8.9,0.4655
9.0,0.4646
9.2,0.4636
9.3,0.4625
9.5,0.4616
9.6,0.4607
9.8,0.4596
9.9,0.4588
10.0,0.4577
10.2,0.4567
10.3,0.4557
10.4,0.4545
10.6,0.4536
10.7,0.4525
10.9,0.4511
11.0,0.4501
11.1,0.4489
11.3,0.4477
11.4,0.4464
11.5,0.4452
11.7,0.4438
11.8,0.4424
12.0,0.4412
12.1,0.4399
12.2,0.4384
12.4,0.4371
12.5,0.4356
12.6,0.4343
12.8,0.4326
12.9,0.4312
13.1,0.4295
13.2,0.4278
13.4,0.4261
13.5,0.4246
13.6,0.4227
13.8,0.4213
13.9,0.4195
14.0,0.4176
14.2,0.4156
14.3,0.4139
14.5,0.4125
14.6,0.4109
14.7,0.4092
14.9,0.4075
15.0,0.4057
15.1,0.4040
15.3,0.4021
15.4,0.4005
15.6,0.3987
15.7,0.3971
15.8,0.3956
16.0,0.3940
16.1,0.3925
16.3,0.3906
16.4,0.3895
16.6,0.3874
16.7,0.3861
16.8,0.3849
17.0,0.3833
17.1,0.3819
17.2,0.3804
17.4,0.3790
17.5,0.3776
17.7,0.3762
17.8,0.3748
17.9,0.3734
18.1,0.3723
18.2,0.3709
18.3,0.3697
18.5,0.3685
18.6,0.3671
18.8,0.3660
18.9,0.3647
19.0,0.3635
19.2,0.3621
19.3,0.3613
19.5,0.3598
19.6,0.3588
19.7,0.3578
19.9,0.3565
20.0,0.3556
20.2,0.3544
20.3,0.3533
20.4,0.3523
20.6,0.3513
20.7,0.3502
20.8,0.3492
21.0,0.3483
21.1,0.3474
21.3,0.3463
21.4,0.3454
21.5,0.3444
21.7,0.3435
21.8,0.3430
22.0,0.3420
22.1,0.3412
22.2,0.3406
22.4,0.3398
22.5,0.3390
22.7,0.3384
22.8,0.3378
22.9,0.3371
23.1,0.3367
23.2,0.3361
23.4,0.3354
23.5,0.3348
23.6,0.3345
23.8,0.3339
23.9,0.3334
24.0,0.3330
24.2,0.3323
24.3,0.3317
24.5,0.3313
24.6,0.3306
24.7,0.3300
24.9,0.3294
25.0,0.3288
25.1,0.3280
25.3,0.3272
25.4,0.3266
25.6,0.3257
25.7,0.3247
25.9,0.3240
26.0,0.3230
26.1,0.3223
26.3,0.3213
26.4,0.3203
26.5,0.3195
26.7,0.3184
26.8,0.3175
27.0,0.3164
27.1,0.3151
27.2,0.3139
27.4,0.3130
27.5,0.3117
27.7,0.3106
27.8,0.3094
27.9,0.3083
28.1,0.3071
28.2,0.3058
28.4,0.3044
28.5,0.3034
28.6,0.3023
28.8,0.3007
28.9,0.2999
29.0,0.2985
29.2,0.2975
29.3,0.2964
29.4,0.2953
29.6,0.2939
29.8,0.2927
29.9,0.2917
30.0,0.2905
30.2,0.2892
30.3,0.2880
30.4,0.2871
30.6,0.2857
30.7,0.2846
30.8,0.2834
31.0,0.2821
31.1,0.2809
31.3,0.2798
31.4,0.2786
31.5,0.2775
31.7,0.2764
31.8,0.2751
32.1,0.2731
32.2,0.2720
32.4,0.2710
32.5,0.2697
32.7,0.2686
32.8,0.2675
32.9,0.2665
33.1,0.2657
33.2,0.2646
33.4,0.2634
33.5,0.2626
33.6,0.2615
33.8,0.2607
33.9,0.2598
34.0,0.2589
34.2,0.2579
34.3,0.2570
34.5,0.2562
34.6,0.2553
34.7,0.2545
34.9,0.2538
35.0,0.2528
35.2,0.2522
35.3,0.2514
35.4,0.2507
35.6,0.2500
35.7,0.2496
35.8,0.2486
36.0,0.2479
36.1,0.2474
36.3,0.2466
36.4,0.2460
36.5,0.2454
36.7,0.2448
36.8,0.2440
36.9,0.2435
37.1,0.2429
37.2,0.2423
37.4,0.2418
37.5,0.2412
37.6,0.2407
37.8,0.2401
37.9,0.2396
38.1,0.2390
38.2,0.2386
38.3,0.2383
38.5,0.2376
38.6,0.2372
38.8,0.2369
38.9,0.2364
39.0,0.2359
39.2,0.2356
39.3,0.2353
39.4,0.2348
39.6,0.2345
39.7,0.2342
39.9,0.2339
40.0,0.2336
40.2,0.2333
40.3,0.2330
40.4,0.2327
40.6,0.2324
40.7,0.2320
40.9,0.2317
41.0,0.2316
41.1,0.2313
41.3,0.2310
41.4,0.2307
41.5,0.2303
41.7,0.2300
41.8,0.2299
41.9,0.2296
42.1,0.2293
42.2,0.2289
42.4,0.2286
42.5,0.2283
42.6,0.2280
42.8,0.2277
43.0,0.2272
43.1,0.2271
43.2,0.2268
43.3,0.2265
43.5,0.2262
43.6,0.2258
43.8,0.2255
43.9,0.2252
44.0,0.2248
44.2,0.2245
44.3,0.2241
44.5,0.2238
44.6,0.2235
44.7,0.2231
44.9,0.2227
45.0,0.2224
45.2,0.2221
45.3,0.2217
45.4,0.2214
45.6,0.2210
45.7,0.2206
45.8,0.2203
46.0,0.2200
46.1,0.2195
46.3,0.2192
46.4,0.2187
46.5,0.2184
46.7,0.2179
46.8,0.2176
47.0,0.2172
47.1,0.2169
47.2,0.2165
47.4,0.2161
47.5,0.2156
47.7,0.2153
47.8,0.2150
47.9,0.2144
48.1,0.2141
48.2,0.2136
48.4,0.2131
48.5,0.2128
48.6,0.2124
48.8,0.2119
48.9,0.2114
49.0,0.2111
49.2,0.2107
49.3,0.2102
49.5,0.2097
49.6,0.2093
49.7,0.2090
49.9,0.2085
50.0,0.2080
50.1,0.2076
50.3,0.2069
50.4,0.2065
50.6,0.2059
50.7,0.2054
50.8,0.2049
51.0,0.2045
51.1,0.2038
51.3,0.2034
51.4,0.2028
51.5,0.2023
51.7,0.2017
51.8,0.2010
51.9,0.2006
52.1,0.1998
52.2,0.1992
52.4,0.1986
52.5,0.1978
52.7,0.1972
52.8,0.1966
52.9,0.1959
53.1,0.1952
53.2,0.1944
53.3,0.1938
53.5,0.1930
53.6,0.1922
53.8,0.1914
53.9,0.1908
54.0,0.1900
54.2,0.1893
54.3,0.1885
54.4,0.1877
54.6,0.1869
54.7,0.1860
54.9,0.1854
55.0,0.1843
55.2,0.1835
55.3,0.1828
55.4,0.1820
55.6,0.1811
55.7,0.1803
55.8,0.1795
56.0,0.1786
56.1,0.1776
56.3,0.1769
56.4,0.1761
56.5,0.1752
56.7,0.1741
56.9,0.1731
56.9,0.1725
57.2,0.1705
57.4,0.1697
57.5,0.1688
57.6,0.1680
57.8,0.1671
57.9,0.1660
58.1,0.1652
58.2,0.1643
58.3,0.1634
58.5,0.1623
58.6,0.1617
58.7,0.1607
58.9,0.1595
59.0,0.1589
59.2,0.1576
59.3,0.1569
59.4,0.1561
59.6,0.1552
59.7,0.1542
59.9,0.1531
60.0,0.1521
60.1,0.1513
60.3,0.1502
60.4,0.1493
60.6,0.1482
60.7,0.1473
60.8,0.1462
61.0,0.1452
61.1,0.1442
61.3,0.1431
61.4,0.1423
61.5,0.1412
61.7,0.1403
61.8,0.1390
61.9,0.1381
62.1,0.1370
62.2,0.1359
62.4,0.1350
62.6,0.1336
62.7,0.1327
62.8,0.1318
62.9,0.1307
63.1,0.1294
63.2,0.1285
63.3,0.1274
63.5,0.1263
63.6,0.1252
63.8,0.1239
63.9,0.1229
64.0,0.1215
64.2,0.1203
64.3,0.1190
64.5,0.1178
64.6,0.1166
64.7,0.1152
64.9,0.1139
65.0,0.1125
65.2,0.1111
65.3,0.1101
65.4,0.1085
65.6,0.1071
65.7,0.1057
65.9,0.1039
66.0,0.1028
66.1,0.1009
66.3,0.0994
66.4,0.0980
66.5,0.0963
66.7,0.0939
66.8,0.0927
67.0,0.0908
67.1,0.0887
67.2,0.0871
67.4,0.0853
67.5,0.0829
67.7,0.0809
67.8,0.0789
67.9,0.0767
68.1,0.0747
68.2,0.0722
68.3,0.0701
68.5,0.0674
68.6,0.0656
68.8,0.0634
68.9,0.0612
69.1,0.0584
69.2,0.0561
69.3,0.0541
69.4,0.0521
69.6,0.0499
0.0,0.1127
0.1,0.1541
0.3,0.1837
0.4,0.1941
0.6,0.2054
0.7,0.2148
0.9,0.2227
1.0,0.2288
1.1,0.2339
1.3,0.2390
1.4,0.2432
1.5,0.2471
1.7,0.2500
1.8,0.2530
2.0,0.2561
2.1,0.2582
2.2,0.2600
2.4,0.2620
2.5,0.2637
2.6,0.2652
2.8,0.2671
2.9,0.2682
3.1,0.2696
3.2,0.2710
3.3,0.2720
3.5,0.2734
3.6,0.2741
3.8,0.2753
3.9,0.2762
4.1,0.2773
4.2,0.2781
4.3,0.2790
4.5,0.2798
4.6,0.2806
4.7,0.2813
4.9,0.2820
5.0,0.2827
5.2,0.2834
5.3,0.2840
5.4,0.2846
5.6,0.2852
5.7,0.2857
5.8,0.2861
6.0,0.2866
6.1,0.2871
6.3,0.2874
6.4,0.2877
6.6,0.2880
6.7,0.2882
6.8,0.2885
6.9,0.2886
7.1,0.2888
7.2,0.2891
7.4,0.2892
7.5,0.2894
7.6,0.2896
7.8,0.2899
7.9,0.2900
8.1,0.2903
8.2,0.2906
8.3,0.2910
8.5,0.2914
8.6,0.2917
8.8,0.2922
8.9,0.2927
9.1,0.2933
9.2,0.2937
9.3,0.2944
9.5,0.2951
9.6,0.2958
9.8,0.2965
9.9,0.2970
10.0,0.2981
10.2,0.2987
10.3,0.2996
10.4,0.3006
10.6,0.3016
10.7,0.3026
10.9,0.3035
11.0,0.3044
11.1,0.3057
11.3,0.3069
11.4,0.3082
11.5,0.3094
11.7,0.3108
11.8,0.3120
12.0,0.3134
12.1,0.3148
12.2,0.3162
12.4,0.3179
12.5,0.3196
12.6,0.3207
12.8,0.3227
12.9,0.3238
13.1,0.3258
13.2,0.3275
13.4,0.3292
13.5,0.3311
13.6,0.3328
13.8,0.3345
13.9,0.3362
14.0,0.3379
14.2,0.3398
14.3,0.3416
14.5,0.3435
14.6,0.3454
14.7,0.3472
14.9,0.3491
15.0,0.3513
15.1,0.3530
15.3,0.3548
15.4,0.3568
15.6,0.3585
15.7,0.3606
15.9,0.3624
16.0,0.3641
16.1,0.3658
16.3,0.3672
16.4,0.3688
16.5,0.3700
16.7,0.3712
16.8,0.3725
16.9,0.3733
17.1,0.3742
17.2,0.3750
17.4,0.3756
17.5,0.3762
17.7,0.3768
17.8,0.3773
17.9,0.3778
18.1,0.3781
18.2,0.3785
18.3,0.3788
18.5,0.3792
18.6,0.3796
18.8,0.3799
18.9,0.3804
19.0,0.3809
19.2,0.3813
19.3,0.3818
19.5,0.3824
19.6,0.3827
19.7,0.3833
19.9,0.3840
20.0,0.3847
20.2,0.3855
20.3,0.3863
20.4,0.3871
20.6,0.3880
20.7,0.3889
20.8,0.3897
21.0,0.3908
21.1,0.3917
21.3,0.3928
21.4,0.3942
21.5,0.3953
21.7,0.3964
21.8,0.3976
22.0,0.3992
22.1,0.4005
22.3,0.4018
22.4,0.4035
22.5,0.4047
22.7,0.4061
22.8,0.4077
23.0,0.4094
23.1,0.4108
23.2,0.4122
23.3,0.4139
23.5,0.4154
23.6,0.4173
23.8,0.4193
23.9,0.4209
24.0,0.4226
24.2,0.4246
24.3,0.4266
24.5,0.4288
24.6,0.4305
24.7,0.4328
24.9,0.4348
25.0,0.4368
25.2,0.4395
25.3,0.4412
25.4,0.4433
25.6,0.4455
25.7,0.4477
25.9,0.4501
26.0,0.4525
26.1,0.4548
26.3,0.4571
26.4,0.4588
26.5,0.4612
26.7,0.4635
26.8,0.4653
27.0,0.4674
27.1,0.4692
27.2,0.4711
27.4,0.4731
27.5,0.4748
27.7,0.4767
27.8,0.4781
27.9,0.4799
28.1,0.4812
28.2,0.4825
28.4,0.4841
28.5,0.4853
28.6,0.4864
28.8,0.4880
28.9,0.4889
29.0,0.4901
29.2,0.4911
29.3,0.4923
29.5,0.4931
29.6,0.4942
29.7,0.4949
29.9,0.4957
30.0,0.4968
30.2,0.4976
30.3,0.4984
30.4,0.4990
30.6,0.4998
30.7,0.5005
30.8,0.5013
31.0,0.5019
31.1,0.5025
31.3,0.5032
31.4,0.5038
31.5,0.5046
31.7,0.5053
31.9,0.5058
32.0,0.5063
32.1,0.5067
32.3,0.5075
32.4,0.5081
32.5,0.5084
32.6,0.5091
32.8,0.5097
32.9,0.5103
33.1,0.5109
33.2,0.5114
33.3,0.5118
33.5,0.5125
33.6,0.5129
33.8,0.5135
33.9,0.5142
34.0,0.5146
34.2,0.5153
34.3,0.5159
34.4,0.5163
34.6,0.5170
34.8,0.5176
34.9,0.5180
35.0,0.5185
35.1,0.5191
35.3,0.5197
35.4,0.5204
35.6,0.5210
35.7,0.5216
35.8,0.5221
36.0,0.5228
36.1,0.5235
36.3,0.5239
36.4,0.5246
36.5,0.5252
36.7,0.5259
36.8,0.5266
37.0,0.5272
37.1,0.5280
37.2,0.5284
37.4,0.5292
37.5,0.5298
37.7,0.5304
37.8,0.5311
37.9,0.5318
38.1,0.5323
38.2,0.5331
38.4,0.5339
38.5,0.5345
38.6,0.5351
38.8,0.5359
38.9,0.5365
39.0,0.5373
39.2,0.5380
39.3,0.5390
39.5,0.5394
39.6,0.5402
39.7,0.5410
39.9,0.5418
40.0,0.5424
40.2,0.5432
40.3,0.5439
40.4,0.5449
40.6,0.5455
40.7,0.5463
40.9,0.5470
41.0,0.5480
41.1,0.5486
41.2,0.5492
41.4,0.5503
41.7,0.5518
41.8,0.5525
42.0,0.5532
42.1,0.5543
42.2,0.5549
42.4,0.5557
42.5,0.5565
42.6,0.5574
42.8,0.5583
42.9,0.5591
43.1,0.5599
43.2,0.5608
43.3,0.5616
43.5,0.5625
43.6,0.5635
43.8,0.5644
43.9,0.5652
44.1,0.5663
44.2,0.5672
44.3,0.5680
44.5,0.5690
44.6,0.5700
44.7,0.5707
44.9,0.5718
45.0,0.5726
45.2,0.5738
45.3,0.5746
45.4,0.5756
45.6,0.5765
45.7,0.5776
45.8,0.5785
46.0,0.5794
46.1,0.5805
46.3,0.5816
46.4,0.5827
46.5,0.5836
46.7,0.5847
46.8,0.5859
46.9,0.5870
47.1,0.5883
47.2,0.5893
47.4,0.5904
47.5,0.5915
47.7,0.5928
47.8,0.5938
47.9,0.5951
48.1,0.5965
48.3,0.5980
48.4,0.5990
48.5,0.5999
48.6,0.6013
48.8,0.6025
48.9,0.6039
49.0,0.6053
49.2,0.6066
49.3,0.6079
49.4,0.6093
49.6,0.6107
49.7,0.6121
49.9,0.6137
50.0,0.6154
50.2,0.6169
50.3,0.6183
50.4,0.6199
50.6,0.6214
50.7,0.6230
50.8,0.6247
51.0,0.6266
51.1,0.6283
51.3,0.6301
51.4,0.6318
51.5,0.6337
51.7,0.6355
51.8,0.6377
52.0,0.6399
52.1,0.6419
52.2,0.6441
52.4,0.6461
52.5,0.6481
52.6,0.6504
52.8,0.6527
52.9,0.6552
53.1,0.6579
53.2,0.6607
53.4,0.6636
53.5,0.6665
53.6,0.6687
53.8,0.6718
53.9,0.6748
54.1,0.6783
54.2,0.6814
54.3,0.6853
54.5,0.6881
54.6,0.6917
54.7,0.6948
54.9,0.6989
55.0,0.7027
55.1,0.7067
55.3,0.7112
55.4,0.7152
55.6,0.7192
55.7,0.7236
55.9,0.7289
56.0,0.7329
56.1,0.7377
56.3,0.7433
56.4,0.7478
56.5,0.7529
56.7,0.7571
56.8,0.7622
57.0,0.7675
57.1,0.7726
57.2,0.7777
57.4,0.7836
57.5,0.7890
57.7,0.7944
57.8,0.7992
57.9,0.8045
58.1,0.8107
58.3,0.8177
58.4,0.8219
58.5,0.8278
58.6,0.8321
58.7,0.8378
58.9,0.8440
59.0,0.8499
59.2,0.8550
59.3,0.8617
59.5,0.8673
59.6,0.8736
59.7,0.8792
59.9,0.8854
60.0,0.8908
60.1,0.8966
60.3,0.9034
60.4,0.9099
60.6,0.9156
60.7,0.9220
60.8,0.9280
61.0,0.9347
61.1,0.9417
61.3,0.9482
61.4,0.9550
61.5,0.9620
61.7,0.9685
61.8,0.9750
61.9,0.9814
62.1,0.9899
62.2,0.9956
62.3,1.0001
0.0,0.9022
0.1,0.6882
0.3,0.6115
0.4,0.5931
0.6,0.5839
0.7,0.5777
0.9,0.5721
1.0,0.5683
1.1,0.5638
1.3,0.5608
1.4,0.5566
1.5,0.5545
1.7,0.5520
1.8,0.5495
2.0,0.5467
2.1,0.5444
2.2,0.5425
2.4,0.5404
2.5,0.5377
2.7,0.5360
2.8,0.5342
2.9,0.5326
3.1,0.5306
3.2,0.5289
3.3,0.5278
3.5,0.5259
3.6,0.5247
3.8,0.5232
3.9,0.5216
4.1,0.5201
4.2,0.5187
4.3,0.5174
4.4,0.5162
4.6,0.5148
4.8,0.5132
4.9,0.5123
5.0,0.5112
5.2,0.5098
5.3,0.5087
5.4,0.5077
5.6,0.5064
5.7,0.5056
5.8,0.5046
6.0,0.5035
6.1,0.5024
6.3,0.5015
6.4,0.5004
6.5,0.4993
6.7,0.4984
6.8,0.4973
6.9,0.4965
7.1,0.4956
7.2,0.4946
7.4,0.4937
7.5,0.4928
7.7,0.4918
7.8,0.4911
7.9,0.4901
8.1,0.4894
8.2,0.4884
8.4,0.4877
8.5,0.4869
8.6,0.4860
8.8,0.4852
8.9,0.4844
9.0,0.4838
9.2,0.4829
9.3,0.4822
9.4,0.4816
9.6,0.4808
9.7,0.4801
9.9,0.4793
10.0,0.4787
10.1,0.4779
10.3,0.4770
10.4,0.4762
10.6,0.4757
10.7,0.4750
10.8,0.4742
11.0,0.4734
11.2,0.4725
11.3,0.4720
11.4,0.4711
11.5,0.4705
11.7,0.4697
11.8,0.4688
12.0,0.4681
12.1,0.4674
12.2,0.4666
12.4,0.4658
12.5,0.4650
12.7,0.4641
12.8,0.4633
12.9,0.4627
13.1,0.4619
13.2,0.4608
13.3,0.4601
13.5,0.4593
13.6,0.4587
13.8,0.4576
13.9,0.4567
14.0,0.4560
14.2,0.4553
14.3,0.4542
14.5,0.4534
14.6,0.4525
14.8,0.4514
14.9,0.4506
15.0,0.4495
15.1,0.4488
15.3,0.4480
15.4,0.4469
15.6,0.4458
15.7,0.4450
15.8,0.4439
16.0,0.4429
16.1,0.4421
16.3,0.4410
16.4,0.4401
16.5,0.4390
16.7,0.4379
16.8,0.4370
16.9,0.4360
17.1,0.4350
17.2,0.4339
17.4,0.4328
17.5,0.4319
17.7,0.4308
17.8,0.4297
17.9,0.4286
18.1,0.4275
18.2,0.4263
18.3,0.4253
18.5,0.4243
18.6,0.4233
18.8,0.4221
18.9,0.4210
19.0,0.4199
19.2,0.4185
19.3,0.4178
19.4,0.4168
19.6,0.4154
19.8,0.4143
19.9,0.4136
20.0,0.4125
20.1,0.4114
20.3,0.4105
20.4,0.4092
20.6,0.4081
20.7,0.4072
20.8,0.4061
21.0,0.4049
21.1,0.4040
21.3,0.4030
21.4,0.4018
21.5,0.4009
21.7,0.3999
21.8,0.3988
21.9,0.3981
22.1,0.3970
22.2,0.3961
22.4,0.3948
22.5,0.3940
22.7,0.3928
22.8,0.3919
22.9,0.3909
23.1,0.3900
23.2,0.3892
23.3,0.3883
23.6,0.3863
23.8,0.3854
23.9,0.3844
24.0,0.3835
24.2,0.3827
24.3,0.3818
24.5,0.3807
24.6,0.3798
24.8,0.3788
24.9,0.3781
25.0,0.3770
25.1,0.3762
25.3,0.3754
25.4,0.3745
25.6,0.3737
25.7,0.3728
25.8,0.3719
26.0,0.3711
26.1,0.3700
26.3,0.3694
26.4,0.3685
26.5,0.3677
26.7,0.3668
26.8,0.3661
27.0,0.3652
27.1,0.3646
27.2,0.3637
27.4,0.3629
27.5,0.3621
27.6,0.3613
27.8,0.3606
27.9,0.3596
28.1,0.3590
28.2,0.3582
28.3,0.3576
28.5,0.3568
28.6,0.3561
28.8,0.3553
28.9,0.3545
29.0,0.3539
29.2,0.3533
29.3,0.3525
29.5,0.3519
29.6,0.3511
29.7,0.3503
29.9,0.3497
30.0,0.3491
30.1,0.3483
30.3,0.3475
30.4,0.3471
30.6,0.3463
30.7,0.3457
30.8,0.3451
31.0,0.3444
31.1,0.3438
31.3,0.3432
31.4,0.3427
31.7,0.3413
31.8,0.3410
32.0,0.3402
32.1,0.3398
32.3,0.3393
32.4,0.3389
32.5,0.3384
32.6,0.3379
32.8,0.3375
32.9,0.3370
33.1,0.3367
33.2,0.3362
33.3,0.3359
33.5,0.3353
33.6,0.3350
33.8,0.3347
33.9,0.3342
34.0,0.3339
34.2,0.3334
34.3,0.3331
34.4,0.3328
34.6,0.3323
34.7,0.3319
34.9,0.3314
35.0,0.3309
35.2,0.3306
35.3,0.3302
35.4,0.3297
35.6,0.3292
35.7,0.3288
35.9,0.3282
36.0,0.3278
36.1,0.3272
36.3,0.3268
36.4,0.3263
36.5,0.3257
36.7,0.3252
36.8,0.3246
36.9,0.3240
37.1,0.3234
37.2,0.3227
37.4,0.3223
37.5,0.3216
37.6,0.3210
37.8,0.3204
37.9,0.3198
38.1,0.3192
38.2,0.3185
38.3,0.3179
38.5,0.3172
38.6,0.3164
38.8,0.3158
38.9,0.3150
39.0,0.3144
39.2,0.3136
39.3,0.3128
39.5,0.3122
39.6,0.3113
39.7,0.3106
39.9,0.3099
40.0,0.3092
40.2,0.3083
40.3,0.3075
40.4,0.3069
40.6,0.3060
40.7,0.3054
40.9,0.3046
41.0,0.3040
41.1,0.3030
41.3,0.3024
41.4,0.3015
41.5,0.3007
41.7,0.3001
41.8,0.2993
41.9,0.2985
42.1,0.2978
42.2,0.2970
42.4,0.2961
42.5,0.2954
42.6,0.2948
42.8,0.2939
42.9,0.2931
43.1,0.2922
43.2,0.2917
43.3,0.2910
43.5,0.2900
43.6,0.2892
43.8,0.2885
43.9,0.2879
44.0,0.2869
44.2,0.2861
44.3,0.2854
44.4,0.2846
44.6,0.2838
44.7,0.2830
44.9,0.2823
45.0,0.2815
45.1,0.2807
45.3,0.2799
45.5,0.2790
45.6,0.2784
45.7,0.2778
45.9,0.2768
46.0,0.2762
46.1,0.2755
46.3,0.2747
46.4,0.2741
46.6,0.2733
46.7,0.2727
46.8,0.2720
47.0,0.2711
47.1,0.2705
47.2,0.2697
47.4,0.2689
47.5,0.2682
47.6,0.2675
47.8,0.2668
47.9,0.2662
48.1,0.2654
48.2,0.2648
48.3,0.2640
48.5,0.2632
48.7,0.2623
48.8,0.2618
48.9,0.2612
49.0,0.2606
49.2,0.2598
49.3,0.2592
49.5,0.2584
49.6,0.2578
49.7,0.2572
49.9,0.2565
50.1,0.2556
50.1,0.2553
50.3,0.2547
50.4,0.2541
50.6,0.2534
50.7,0.2527
50.8,0.2522
51.0,0.2516
51.1,0.2511
51.3,0.2503
51.4,0.2500
51.5,0.2496
51.7,0.2489
51.9,0.2482
52.0,0.2479
52.1,0.2474
52.2,0.2468
52.4,0.2463
52.5,0.2458
52.7,0.2452
52.8,0.2448
52.9,0.2443
53.1,0.2438
53.2,0.2435
53.3,0.2431
53.5,0.2426
53.6,0.2421
53.8,0.2418
53.9,0.2412
54.0,0.2409
54.2,0.2404
54.3,0.2401
54.5,0.2396
54.6,0.2393
54.7,0.2390
54.9,0.2386
55.0,0.2383
55.2,0.2379
55.3,0.2376
55.4,0.2373
55.6,0.2370
55.7,0.2367
55.8,0.2364
56.0,0.2361
56.1,0.2358
56.3,0.2355
56.4,0.2352
56.5,0.2350
56.7,0.2347
56.8,0.2344
56.9,0.2341
57.2,0.2336
57.4,0.2334
57.5,0.2331
57.6,0.2330
57.8,0.2327
57.9,0.2325
58.1,0.2324
58.2,0.2320
58.4,0.2317
58.5,0.2316
58.6,0.2313
58.7,0.2311
58.9,0.2310
59.0,0.2307
59.2,0.2305
59.3,0.2303
59.5,0.2300
59.6,0.2299
59.7,0.2296
59.9,0.2293
60.0,0.2291
60.2,0.2289
60.3,0.2286
60.4,0.2285
60.6,0.2282
60.7,0.2280
60.8,0.2277
61.0,0.2276
61.1,0.2272
61.3,0.2271
61.4,0.2269
61.5,0.2268
61.7,0.2265
61.8,0.2262
62.0,0.2260
62.1,0.2257
62.2,0.2255
62.4,0.2252
62.5,0.2251
62.6,0.2248
62.8,0.2246
62.9,0.2243
63.1,0.2240
63.2,0.2238
63.3,0.2235
63.5,0.2234
63.6,0.2231
63.8,0.2227
63.9,0.2226
64.0,0.2223
64.2,0.2221
64.3,0.2218
64.4,0.2217
64.6,0.2214
64.7,0.2210
64.9,0.2209
65.0,0.2206
65.1,0.2204
65.3,0.2201
65.4,0.2198
65.6,0.2196
65.7,0.2193
65.8,0.2190
66.0,0.2189
66.1,0.2186
66.3,0.2183
66.4,0.2181
66.5,0.2178
66.7,0.2175
66.8,0.2173
66.9,0.2170
67.1,0.2167
67.2,0.2164
67.4,0.2162
67.5,0.2159
67.7,0.2156
67.8,0.2153
67.9,0.2150
68.1,0.2147
68.2,0.2144
68.3,0.2141
68.5,0.2138
68.6,0.2136
68.8,0.2131
68.9,0.2128
69.0,0.2125
69.2,0.2122
69.3,0.2119
69.5,0.2114
69.6,0.2113
69.7,0.2110
69.9,0.2105
70.0,0.2102
70.2,0.2099
70.3,0.2094
70.4,0.2091
70.6,0.2088
70.7,0.2085
70.8,0.2080
71.0,0.2077
71.1,0.2074
71.3,0.2069
71.4,0.2065
71.5,0.2062
71.7,0.2059
71.8,0.2054
71.9,0.2051
72.1,0.2046
72.2,0.2043
72.4,0.2038
72.5,0.2035
72.7,0.2032
72.8,0.2028
72.9,0.2024
73.1,0.2020
73.2,0.2017
73.3,0.2012
73.5,0.2007
73.6,0.2003
73.7,0.2000
73.9,0.1995
74.0,0.1990
74.2,0.1986
74.3,0.1981
74.5,0.1976
74.6,0.1973
74.7,0.1969
74.9,0.1964
75.1,0.1958
75.2,0.1955
75.3,0.1950
75.4,0.1945
75.6,0.1939
75.7,0.1935
75.8,0.1930
76.0,0.1925
76.1,0.1921
76.3,0.1916
76.4,0.1910
76.5,0.1905
76.7,0.1900
76.8,0.1896
76.9,0.1890
77.1,0.1885
77.3,0.1879
77.4,0.1874
77.5,0.1869
77.6,0.1863
77.8,0.1857
77.9,0.1852
78.1,0.1848
78.2,0.1842
78.3,0.1835
78.5,0.1829
78.6,0.1823
78.7,0.1820
78.9,0.1814
79.0,0.1807
79.2,0.1803
79.3,0.1797
79.4,0.1790
79.6,0.1784
79.7,0.1778
79.9,0.1772
80.0,0.1766
80.1,0.1759
80.3,0.1753
80.4,0.1747
80.6,0.1739
80.7,0.1735
80.8,0.1728
81.0,0.1722
81.1,0.1714
81.3,0.1708
81.4,0.1702
81.5,0.1696
81.7,0.1687
81.8,0.1680
81.9,0.1674
82.1,0.1668
82.2,0.1660
82.4,0.1652
82.5,0.1646
82.7,0.1638
82.8,0.1631
82.9,0.1625
83.1,0.1618
83.2,0.1611
83.3,0.1603
83.5,0.1594
83.6,0.1587
83.8,0.1578
83.9,0.1573
84.0,0.1564
84.2,0.1556
84.3,0.1549
84.5,0.1539
84.6,0.1531
84.7,0.1524
84.9,0.1514
85.0,0.1505
85.1,0.1496
85.3,0.1487
85.4,0.1479
85.6,0.1468
85.7,0.1459
85.8,0.1448
86.0,0.1438
86.1,0.1429
86.3,0.1418
86.4,0.1409
86.5,0.1397
86.7,0.1387
86.8,0.1378
86.9,0.1366
87.1,0.1355
87.2,0.1344
87.4,0.1333
87.5,0.1324
87.6,0.1311
87.8,0.1301
87.9,0.1288
88.1,0.1279
88.2,0.1266
88.3,0.1252
88.5,0.1242
88.6,0.1229
88.8,0.1218
88.9,0.1204
89.0,0.1192
89.2,0.1180
89.3,0.1167
89.5,0.1155
89.6,0.1142
89.7,0.1130
89.9,0.1115
90.0,0.1104
90.1,0.1091
90.3,0.1077
90.4,0.1062
90.6,0.1051
90.7,0.1034
90.8,0.1020
91.0,0.1008
91.1,0.0991
91.3,0.0977
91.4,0.0960
91.5,0.0944
91.7,0.0929
91.8,0.0911
91.9,0.0896
92.1,0.0880
92.2,0.0862
92.4,0.0846
92.5,0.0831
92.6,0.0814
92.8,0.0794
92.9,0.0777
93.1,0.0760
93.2,0.0741
93.4,0.0721
93.5,0.0702
93.6,0.0688
93.8,0.0665
93.9,0.0649
94.0,0.0632
94.2,0.0614
94.3,0.0595
94.4,0.0578
94.6,0.0558
94.7,0.0539
94.9,0.0521
95.0,0.0505
95.1,0.0499
0.0,0.1063
0.1,0.1474
0.3,0.1679
0.4,0.1811
0.6,0.1905
0.7,0.1973
0.8,0.2038
1.0,0.2090
1.1,0.2138
1.3,0.2187
1.4,0.2226
1.5,0.2266
1.7,0.2299
1.8,0.2336
2.0,0.2364
2.1,0.2392
2.2,0.2417
2.4,0.2441
2.5,0.2463
2.7,0.2483
2.8,0.2502
2.9,0.2519
3.1,0.2534
3.2,0.2548
3.3,0.2564
3.5,0.2576
3.6,0.2592
3.8,0.2603
3.9,0.2612
4.0,0.2623
4.2,0.2635
4.3,0.2643
4.5,0.2654
4.6,0.2662
4.7,0.2669
4.9,0.2677
5.0,0.2685
5.1,0.2691
5.3,0.2697
5.4,0.2703
5.6,0.2710
5.7,0.2714
5.8,0.2719
6.0,0.2724
6.1,0.2727
6.3,0.2731
6.4,0.2733
6.5,0.2734
6.7,0.2737
6.8,0.2741
7.0,0.2742
7.1,0.2744
7.2,0.2747
7.4,0.2748
7.5,0.2750
7.6,0.2753
7.8,0.2755
7.9,0.2756
8.1,0.2759
8.2,0.2761
8.3,0.2762
8.5,0.2764
8.6,0.2765
8.8,0.2768
8.9,0.2770
9.0,0.2773
9.2,0.2775
9.3,0.2778
9.4,0.2779
9.6,0.2782
9.7,0.2784
9.9,0.2787
10.0,0.2789
10.2,0.2792
10.3,0.2793
10.4,0.2796
10.6,0.2798
10.7,0.2801
10.9,0.2803
11.0,0.2806
11.1,0.2807
11.3,0.2810
11.4,0.2813
11.5,0.2815
11.7,0.2818
11.8,0.2820
12.0,0.2823
12.1,0.2826
12.2,0.2829
12.4,0.2832
12.5,0.2835
12.6,0.2838
12.8,0.2841
12.9,0.2844
13.1,0.2848
13.2,0.2851
13.4,0.2855
13.5,0.2858
13.6,0.2861
13.8,0.2865
13.9,0.2869
14.0,0.2872
14.2,0.2877
14.3,0.2880
14.4,0.2885
14.6,0.2889
14.7,0.2892
14.9,0.2899
15.0,0.2902
15.2,0.2906
15.3,0.2911
15.4,0.2917
15.6,0.2922
15.7,0.2928
15.9,0.2933
16.0,0.2937
16.1,0.2944
16.3,0.2948
16.4,0.2954
16.5,0.2961
16.7,0.2967
16.8,0.2970
17.0,0.2978
17.1,0.2984
17.2,0.2990
17.4,0.2998
17.5,0.3003
17.7,0.3010
17.8,0.3018
17.9,0.3026
18.1,0.3032
18.2,0.3040
18.3,0.3047
18.5,0.3055
18.6,0.3063
18.7,0.3071
18.9,0.3080
19.0,0.3088
19.2,0.3097
19.3,0.3105
19.4,0.3114
19.6,0.3123
19.7,0.3133
19.9,0.3144
20.0,0.3153
20.1,0.3162
20.3,0.3173
20.4,0.3182
20.6,0.3193
20.7,0.3201
20.9,0.3212
21.0,0.3221
21.1,0.3232
21.3,0.3243
21.4,0.3255
21.6,0.3266
21.7,0.3275
21.8,0.3288
22.0,0.3299
22.1,0.3311
22.2,0.3322
22.4,0.3333
22.5,0.3348
22.7,0.3359
22.8,0.3371
22.9,0.3381
23.1,0.3395
23.2,0.3406
23.4,0.3420
23.5,0.3430
23.6,0.3443
23.8,0.3455
23.9,0.3468
24.0,0.3480
24.2,0.3492
24.3,0.3505
24.4,0.3517
24.6,0.3530
24.7,0.3545
24.9,0.3556
25.0,0.3570
25.1,0.3581
25.3,0.3593
25.4,0.3609
25.6,0.3618
25.7,0.3629
25.8,0.3641
26.0,0.3652
26.1,0.3663
26.3,0.3671
26.4,0.3680
26.5,0.3689
26.7,0.3699
26.8,0.3705
27.0,0.3712
27.1,0.3720
27.2,0.3726
27.4,0.3731
27.5,0.3737
27.7,0.3742
27.8,0.3747
27.9,0.3751
28.1,0.3754
28.2,0.3759
28.3,0.3762
28.5,0.3765
28.6,0.3770
28.8,0.3771
28.9,0.3774
29.0,0.3778
29.2,0.3781
29.3,0.3782
29.5,0.3785
29.6,0.3788
29.7,0.3792
29.9,0.3796
30.0,0.3798
30.2,0.3801
30.3,0.3804
30.4,0.3807
30.6,0.3812
30.7,0.3815
30.8,0.3819
31.0,0.3823
31.1,0.3827
31.3,0.3832
31.4,0.3836
31.5,0.3843
31.7,0.3847
31.8,0.3854
32.0,0.3860
32.1,0.3866
32.2,0.3871
32.4,0.3878
32.5,0.3885
32.6,0.3892
32.8,0.3898
32.9,0.3905
33.1,0.3912
33.2,0.3919
33.3,0.3928
33.5,0.3936
33.6,0.3943
33.8,0.3953
33.9,0.3962
34.0,0.3970
34.2,0.3979
34.3,0.3988
34.5,0.3998
34.6,0.4007
34.7,0.4016
34.9,0.4026
35.0,0.4036
35.1,0.4046
35.3,0.4058
35.4,0.4067
35.6,0.4078
35.7,0.4089
35.8,0.4100
36.0,0.4111
36.1,0.4122
36.3,0.4133
36.4,0.4145
36.5,0.4157
36.7,0.4168
36.8,0.4184
37.0,0.4195
37.1,0.4205
37.2,0.4219
37.4,0.4232
37.5,0.4246
37.7,0.4261
37.8,0.4272
37.9,0.4288
38.1,0.4302
38.2,0.4317
38.3,0.4329
38.5,0.4345
38.6,0.4359
38.8,0.4373
38.9,0.4391
39.0,0.4402
39.2,0.4419
39.3,0.4436
39.5,0.4452
39.6,0.4466
39.7,0.4483
39.9,0.4497
40.0,0.4512
40.2,0.4531
40.3,0.4545
40.4,0.4560
40.6,0.4577
40.7,0.4594
40.8,0.4607
41.0,0.4622
41.1,0.4638
41.3,0.4652
41.4,0.4667
41.5,0.4683
41.7,0.4701
41.8,0.4709
41.9,0.4723
42.1,0.4737
42.2,0.4751
42.4,0.4762
42.5,0.4774
42.6,0.4785
42.8,0.4798
42.9,0.4808
43.1,0.4819
43.2,0.4829
43.3,0.4839
43.5,0.4849
43.6,0.4858
43.8,0.4867
43.9,0.4877
44.0,0.4884
44.2,0.4894
44.3,0.4903
44.5,0.4909
44.6,0.4917
44.7,0.4925
44.9,0.4931
45.0,0.4939
45.2,0.4946
45.3,0.4954
45.4,0.4959
45.6,0.4965
45.7,0.4971
45.8,0.4977
46.0,0.4984
46.1,0.4988
46.3,0.4994
46.4,0.5001
46.5,0.5005
46.7,0.5010
46.8,0.5016
47.0,0.5022
47.1,0.5027
47.2,0.5032
47.4,0.5036
47.5,0.5041
47.6,0.5046
47.8,0.5052
47.9,0.5056
48.1,0.5060
48.2,0.5066
48.3,0.5070
48.5,0.5075
48.6,0.5080
48.8,0.5084
48.9,0.5091
49.0,0.5095
49.2,0.5100
49.3,0.5104
49.4,0.5109
49.6,0.5114
49.7,0.5118
49.9,0.5123
50.0,0.5128
50.2,0.5132
50.3,0.5139
50.4,0.5142
50.6,0.5148
50.7,0.5153
50.9,0.5157
51.0,0.5160
51.1,0.5166
51.3,0.5171
51.4,0.5176
51.5,0.5180
51.7,0.5185
51.8,0.5191
51.9,0.5194
52.1,0.5199
52.2,0.5204
52.4,0.5208
52.5,0.5213
52.6,0.5218
52.8,0.5224
52.9,0.5227
53.1,0.5232
53.2,0.5236
53.3,0.5242
53.5,0.5247
53.6,0.5252
53.8,0.5256
53.9,0.5261
54.0,0.5266
54.2,0.5270
54.3,0.5275
54.5,0.5281
54.6,0.5284
54.7,0.5289
54.9,0.5295
55.1,0.5300
55.2,0.5304
55.3,0.5308
55.4,0.5314
55.6,0.5318
55.7,0.5323
55.8,0.5328
56.0,0.5334
56.1,0.5339
56.3,0.5343
56.4,0.5348
56.5,0.5354
56.7,0.5359
56.8,0.5363
56.9,0.5370
57.1,0.5374
57.2,0.5379
57.4,0.5385
57.5,0.5390
57.6,0.5394
57.8,0.5401
57.9,0.5407
58.1,0.5411
58.2,0.5416
58.3,0.5422
58.5,0.5428
58.6,0.5435
58.8,0.5439
58.9,0.5445
59.0,0.5450
59.2,0.5455
59.3,0.5461
59.4,0.5467
59.6,0.5472
59.7,0.5478
59.9,0.5484
60.0,0.5490
60.1,0.5495
60.3,0.5501
60.4,0.5508
60.6,0.5514
60.7,0.5518
60.8,0.5525
61.0,0.5529
61.1,0.5535
61.3,0.5542
61.4,0.5548
61.5,0.5554
61.7,0.5562
61.8,0.5568
62.0,0.5573
62.1,0.5579
62.2,0.5585
62.4,0.5593
62.5,0.5599
62.6,0.5605
62.8,0.5611
62.9,0.5618
63.1,0.5625
63.2,0.5632
63.3,0.5638
63.5,0.5645
63.6,0.5652
63.8,0.5659
63.9,0.5666
64.0,0.5673
64.2,0.5680
64.3,0.5687
64.4,0.5694
64.6,0.5701
64.7,0.5709
64.9,0.5717
65.1,0.5728
65.1,0.5732
65.3,0.5742
65.4,0.5749
65.6,0.5756
65.7,0.5765
65.8,0.5773
66.0,0.5782
66.1,0.5790
66.3,0.5800
66.4,0.5808
66.5,0.5818
66.7,0.5827
66.8,0.5836
67.0,0.5847
67.1,0.5856
67.2,0.5864
67.4,0.5875
67.5,0.5886
67.6,0.5893
67.8,0.5904
67.9,0.5915
68.1,0.5926
68.2,0.5935
68.4,0.5949
68.5,0.5957
68.6,0.5968
68.8,0.5979
68.9,0.5988
69.0,0.5999
69.2,0.6011
69.3,0.6022
69.4,0.6031
69.6,0.6044
69.7,0.6055
69.9,0.6067
70.0,0.6079
70.2,0.6092
70.3,0.6103
70.4,0.6115
70.6,0.6128
70.7,0.6141
70.8,0.6154
71.0,0.6166
71.1,0.6179
71.3,0.6194
71.4,0.6207
71.6,0.6224
71.7,0.6233
71.8,0.6245
71.9,0.6259
72.1,0.6276
72.2,0.6289
72.4,0.6306
72.5,0.6318
72.6,0.6334
72.8,0.6349
72.9,0.6366
73.1,0.6382
73.2,0.6399
73.3,0.6414
73.5,0.6431
73.6,0.6448
73.8,0.6464
73.9,0.6483
74.0,0.6501
74.2,0.6520
74.3,0.6538
74.5,0.6557
74.6,0.6580
74.7,0.6597
74.9,0.6619
75.0,0.6638
75.2,0.6661
75.3,0.6679
75.4,0.6703
75.6,0.6724
75.7,0.6749
75.8,0.6771
76.0,0.6797
76.1,0.6820
76.3,0.6847
76.4,0.6870
76.5,0.6895
76.7,0.6918
76.8,0.6949
77.0,0.6975
77.1,0.7002
77.2,0.7031
77.4,0.7061
77.5,0.7087
77.7,0.7123
77.8,0.7144
77.9,0.7177
78.1,0.7208
78.2,0.7239
78.4,0.7272
78.5,0.7299
78.6,0.7330
78.7,0.7361
78.9,0.7394
79.0,0.7425
79.2,0.7461
79.3,0.7493
79.5,0.7532
79.6,0.7561
79.7,0.7595
79.9,0.7625
80.0,0.7659
80.2,0.7699
80.3,0.7729
80.4,0.7761
80.6,0.7800
80.7,0.7834
80.8,0.7865
81.0,0.7906
81.1,0.7937
81.3,0.7985
81.4,0.8012
81.5,0.8047
81.7,0.8081
81.8,0.8116
82.0,0.8157
82.1,0.8194
82.2,0.8228
82.4,0.8265
82.5,0.8304
82.6,0.8341
82.8,0.8378
82.9,0.8420
83.1,0.8454
83.2,0.8498
83.3,0.8535
83.5,0.8572
83.6,0.8611
83.7,0.8650
83.9,0.8693
84.1,0.8739
84.2,0.8775
84.3,0.8817
84.5,0.8860
84.6,0.8901
84.7,0.8943
84.9,0.8987
85.0,0.9037
85.2,0.9080
85.3,0.9125
85.4,0.9173
85.6,0.9223
85.7,0.9263
85.9,0.9321
86.0,0.9364
86.1,0.9415
86.2,0.9462
86.4,0.9515
86.5,0.9569
86.7,0.9617
86.8,0.9665
86.9,0.9714
87.1,0.9767
87.2,0.9828
87.4,0.9876
87.5,0.9927
87.6,0.9978
87.7,1.0000
0.0,0.9189
0.2,0.6538
0.3,0.6110
0.4,0.5938
0.6,0.5850
0.7,0.5787
0.8,0.5738
1.0,0.5697
1.1,0.5659
1.3,0.5625
1.4,0.5596
1.5,0.5570
1.7,0.5542
1.8,0.5520
2.0,0.5497
2.1,0.5477
2.2,0.5456
2.4,0.5433
2.5,0.5418
2.6,0.5399
2.8,0.5380
2.9,0.5363
3.1,0.5349
3.2,0.5335
3.4,0.5317
3.5,0.5304
3.6,0.5290
3.7,0.5280
3.9,0.5264
4.1,0.5249
4.2,0.5241
4.3,0.5225
4.5,0.5215
4.6,0.5204
4.7,0.5190
4.9,0.5180
5.0,0.5170
5.2,0.5154
5.3,0.5146
5.4,0.5137
5.6,0.5128
5.7,0.5117
5.9,0.5106
6.0,0.5097
6.1,0.5087
6.3,0.5078
6.4,0.5069
6.5,0.5061
6.7,0.5052
6.8,0.5044
6.9,0.5036
7.1,0.5027
7.2,0.5018
7.4,0.5011
7.5,0.5002
7.7,0.4994
7.8,0.4987
7.9,0.4979
8.1,0.4971
8.2,0.4963
8.3,0.4956
8.5,0.4948
8.6,0.4940
8.8,0.4934
8.9,0.4926
9.0,0.4920
9.2,0.4912
9.3,0.4906
9.4,0.4898
9.6,0.4892
9.7,0.4886
9.9,0.4880
10.0,0.4872
10.2,0.4866
10.3,0.4860
10.4,0.4853
10.6,0.4847
10.7,0.4839
10.9,0.4833
11.0,0.4829
11.1,0.4824
11.3,0.4818
11.4,0.4812
11.6,0.4804
11.7,0.4798
11.8,0.4793
11.9,0.4788
12.1,0.4782
12.2,0.4776
12.4,0.4770
12.5,0.4763
12.7,0.4757
12.8,0.4753
12.9,0.4746
13.1,0.4740
13.2,0.4734
13.4,0.4729
13.5,0.4723
13.6,0.4719
13.8,0.4712
13.9,0.4706
14.0,0.4700
14.2,0.4694
14.3,0.4689
14.4,0.4683
14.6,0.4675
14.7,0.4670
14.9,0.4664
15.0,0.4658
15.1,0.4652
15.3,0.4644
15.4,0.4638
15.6,0.4632
15.7,0.4624
15.9,0.4616
16.0,0.4610
16.1,0.4604
16.3,0.4596
16.4,0.4590
16.5,0.4584
16.7,0.4576
16.8,0.4568
17.0,0.4560
17.1,0.4554
17.3,0.4543
17.4,0.4539
17.5,0.4531
17.6,0.4523
17.8,0.4514
17.9,0.4506
18.1,0.4498
18.2,0.4491
18.3,0.4481
18.5,0.4475
18.6,0.4466
18.8,0.4458
18.9,0.4450
19.1,0.4439
19.2,0.4433
19.3,0.4424
19.5,0.4415
19.6,0.4408
19.7,0.4398
19.9,0.4390
20.0,0.4382
20.2,0.4373
20.3,0.4364
20.4,0.4357
20.6,0.4350
20.7,0.4340
20.8,0.4333
21.0,0.4322
21.1,0.4315
21.3,0.4306
21.4,0.4297
21.5,0.4288
21.7,0.4280
21.8,0.4271
21.9,0.4263
22.1,0.4253
22.2,0.4244
22.4,0.4235
22.5,0.4229
22.7,0.4219
22.8,0.4212
22.9,0.4202
23.1,0.4193
23.2,0.4185
23.3,0.4178
23.5,0.4168
23.6,0.4159
23.8,0.4150
23.9,0.4143
24.0,0.4136
24.2,0.4128
24.3,0.4119
24.5,0.4111
24.6,0.4103
24.7,0.4094
24.9,0.4086
25.0,0.4078
25.1,0.4071
25.3,0.4063
25.4,0.4054
25.6,0.4046
25.7,0.4038
25.8,0.4030
26.0,0.4021
26.1,0.4013
26.3,0.4004
26.4,0.3998
26.6,0.3988
26.7,0.3982
26.8,0.3974
27.0,0.3965
27.1,0.3959
27.2,0.3950
27.4,0.3942
27.5,0.3936
27.7,0.3926
27.8,0.3920
27.9,0.3912
28.1,0.3903
28.2,0.3897
28.3,0.3891
28.5,0.3881
28.6,0.3874
28.8,0.3867
28.9,0.3860
29.0,0.3852
29.2,0.3844
29.3,0.3836
29.4,0.3830
29.6,0.3821
29.7,0.3815
29.9,0.3809
30.0,0.3801
30.2,0.3793
30.3,0.3785
30.4,0.3779
30.6,0.3771
30.7,0.3764
30.8,0.3757
31.0,0.3750
31.1,0.3743
31.3,0.3736
31.4,0.3730
31.5,0.3722
31.7,0.3716
31.8,0.3708
31.9,0.3702
32.1,0.3695
32.2,0.3689
32.4,0.3681
32.5,0.3675
32.6,0.3669
32.8,0.3663
32.9,0.3657
33.1,0.3650
33.2,0.3643
33.3,0.3637
33.5,0.3630
33.6,0.3624
33.8,0.3618
33.9,0.3612
34.0,0.3606
34.2,0.3599
34.3,0.3593
34.5,0.3587
34.6,0.3581
34.7,0.3575
34.9,0.3568
35.0,0.3562
35.1,0.3556
35.3,0.3550
35.4,0.3542
35.6,0.3536
35.7,0.3530
35.9,0.3523
36.0,0.3517
36.1,0.3511
36.3,0.3505
36.4,0.3499
36.5,0.3494
36.7,0.3486
36.8,0.3480
37.0,0.3474
37.1,0.3469
37.2,0.3463
37.4,0.3457
37.5,0.3452
37.7,0.3446
37.8,0.3440
37.9,0.3433
38.1,0.3430
38.2,0.3426
38.3,0.3421
38.5,0.3415
38.6,0.3412
38.8,0.3407
38.9,0.3401
39.0,0.3398
39.2,0.3393
39.3,0.3389
39.5,0.3385
39.6,0.3382
39.7,0.3378
39.9,0.3375
40.0,0.3371
40.1,0.3368
40.3,0.3365
40.4,0.3362
40.6,0.3359
40.7,0.3356
40.9,0.3351
41.0,0.3348
41.1,0.3345
41.4,0.3339
41.5,0.3336
41.7,0.3333
41.8,0.3330
41.9,0.3327
42.1,0.3323
42.2,0.3320
42.4,0.3317
42.5,0.3313
42.6,0.3309
42.8,0.3306
42.9,0.3302
43.1,0.3299
43.2,0.3296
43.3,0.3291
43.5,0.3286
43.6,0.3283
43.8,0.3278
43.9,0.3275
44.0,0.3271
44.2,0.3268
44.3,0.3263
44.5,0.3258
44.6,0.3254
44.7,0.3251
44.9,0.3244
45.0,0.3241
45.2,0.3235
45.3,0.3232
45.4,0.3226
45.6,0.3221
45.7,0.3216
45.8,0.3212
46.0,0.3207
46.1,0.3201
46.3,0.3199
46.4,0.3193
46.5,0.3189
46.7,0.3182
46.8,0.3178
47.0,0.3172
47.1,0.3167
47.2,0.3162
47.4,0.3156
47.5,0.3150
47.6,0.3145
47.8,0.3139
47.9,0.3133
48.1,0.3128
48.2,0.3122
48.3,0.3116
48.5,0.3109
48.6,0.3105
48.8,0.3099
48.9,0.3091
49.0,0.3086
49.2,0.3080
49.3,0.3074
49.4,0.3068
49.6,0.3061
49.7,0.3055
49.9,0.3049
50.0,0.3044
50.2,0.3037
50.3,0.3032
50.4,0.3024
50.6,0.3018
50.7,0.3012
50.8,0.3006
51.0,0.2999
51.1,0.2992
51.3,0.2985
51.4,0.2979
51.5,0.2973
51.7,0.2967
51.8,0.2962
52.0,0.2954
52.1,0.2948
52.3,0.2939
52.4,0.2933
52.5,0.2927
52.7,0.2920
52.8,0.2911
52.9,0.2905
53.1,0.2899
53.2,0.2889
53.3,0.2883
53.5,0.2875
53.6,0.2869
53.8,0.2861
53.9,0.2854
54.0,0.2846
54.2,0.2838
54.3,0.2830
54.4,0.2824
54.6,0.2817
54.7,0.2809
54.9,0.2801
55.0,0.2793
55.2,0.2786
55.3,0.2779
55.4,0.2772
55.6,0.2762
55.7,0.2756
55.9,0.2750
56.0,0.2744
56.1,0.2736
56.3,0.2730
56.4,0.2722
56.5,0.2716
56.7,0.2710
56.8,0.2702
57.0,0.2696
57.1,0.2689
57.2,0.2682
57.4,0.2675
57.5,0.2669
57.6,0.2663
57.8,0.2655
57.9,0.2651
58.1,0.2643
58.2,0.2638
58.3,0.2632
58.5,0.2624
58.6,0.2620
58.8,0.2613
58.9,0.2607
59.0,0.2603
59.2,0.2596
59.3,0.2592
59.4,0.2586
59.6,0.2579
59.7,0.2575
59.9,0.2570
60.0,0.2564
60.1,0.2559
60.3,0.2555
60.4,0.2548
60.6,0.2544
60.7,0.2539
60.8,0.2534
61.0,0.2530
61.1,0.2525
61.3,0.2520
61.4,0.2516
61.5,0.2511
61.7,0.2507
61.8,0.2503
61.9,0.2499
62.1,0.2494
62.2,0.2491
62.4,0.2486
62.5,0.2482
62.6,0.2479
62.8,0.2474
62.9,0.2469
63.1,0.2466
63.2,0.2462
63.4,0.2458
63.5,0.2454
63.6,0.2451
63.8,0.2448
63.9,0.2445
64.0,0.2441
64.2,0.2437
64.3,0.2434
64.5,0.2431
64.6,0.2427
64.7,0.2423
64.9,0.2420
65.0,0.2418
65.2,0.2414
65.3,0.2410
65.4,0.2409
65.6,0.2406
65.7,0.2403
65.8,0.2400
66.0,0.2396
66.1,0.2395
66.3,0.2392
66.4,0.2389
66.5,0.2386
66.7,0.2384
66.8,0.2381
67.0,0.2379
67.1,0.2376
67.2,0.2375
67.4,0.2372
67.5,0.2370
67.6,0.2367
67.8,0.2365
67.9,0.2362
68.1,0.2361
68.2,0.2359
68.3,0.2358
68.5,0.2355
68.6,0.2353
68.8,0.2350
68.9,0.2348
69.1,0.2347
69.2,0.2345
69.3,0.2344
69.5,0.2341
69.6,0.2339
69.7,0.2338
69.9,0.2334
70.0,0.2333
70.2,0.2331
70.3,0.2330
70.4,0.2327
70.6,0.2325
70.7,0.2324
70.8,0.2320
71.0,0.2319
71.1,0.2317
71.3,0.2314
71.4,0.2313
71.5,0.2311
71.7,0.2308
71.8,0.2307
72.0,0.2303
72.1,0.2300
72.2,0.2299
72.4,0.2297
72.5,0.2294
72.6,0.2293
72.8,0.2289
72.9,0.2288
73.1,0.2285
73.2,0.2282
73.3,0.2280
73.5,0.2277
73.6,0.2274
73.8,0.2271
73.9,0.2271
74.0,0.2268
74.2,0.2265
74.3,0.2262
74.4,0.2260
74.6,0.2257
74.7,0.2254
74.9,0.2251
75.0,0.2248
75.1,0.2245
75.3,0.2243
75.5,0.2238
75.6,0.2237
75.7,0.2234
75.8,0.2232
76.0,0.2229
76.1,0.2226
76.3,0.2223
76.4,0.2220
76.6,0.2217
76.7,0.2214
76.8,0.2212
76.9,0.2209
77.1,0.2206
77.2,0.2203
77.4,0.2200
77.5,0.2196
77.6,0.2193
78.0,0.2187
78.1,0.2186
78.2,0.2183
78.3,0.2179
78.5,0.2176
78.6,0.2175
78.8,0.2170
78.9,0.2169
79.0,0.2165
79.2,0.2162
79.3,0.2159
79.5,0.2156
79.6,0.2153
79.7,0.2152
79.9,0.2148
80.0,0.2145
80.1,0.2142
80.3,0.2139
80.4,0.2136
80.6,0.2133
80.7,0.2130
80.8,0.2128
81.0,0.2125
81.1,0.2121
81.3,0.2119
81.4,0.2116
81.5,0.2113
81.7,0.2110
81.8,0.2107
82.0,0.2103
82.1,0.2100
82.2,0.2097
82.4,0.2094
82.5,0.2091
82.7,0.2088
82.8,0.2085
82.9,0.2082
83.1,0.2079
83.2,0.2076
83.4,0.2072
83.5,0.2068
83.6,0.2066
83.8,0.2063
83.9,0.2060
84.0,0.2057
84.2,0.2052
84.3,0.2049
84.5,0.2046
84.6,0.2043
84.7,0.2040
84.9,0.2037
85.0,0.2034
85.1,0.2031
85.3,0.2028
85.4,0.2024
85.6,0.2020
85.7,0.2017
85.8,0.2014
86.0,0.2009
86.1,0.2006
86.3,0.2001
86.4,0.1998
86.6,0.1993
86.7,0.1990
86.8,0.1986
87.0,0.1983
87.1,0.1979
87.2,0.1975
87.4,0.1972
87.5,0.1967
87.6,0.1964
87.8,0.1959
87.9,0.1955
88.1,0.1950
88.2,0.1947
88.3,0.1942
88.5,0.1939
88.6,0.1935
88.8,0.1930
88.9,0.1925
89.0,0.1922
89.2,0.1917
89.3,0.1911
89.4,0.1908
89.6,0.1902
89.7,0.1897
89.9,0.1893
90.0,0.1888
90.1,0.1883
90.3,0.1879
90.4,0.1873
90.6,0.1868
90.7,0.1862
90.8,0.1857
91.0,0.1851
91.1,0.1845
91.3,0.1840
91.4,0.1834
91.5,0.1828
91.7,0.1820
91.8,0.1815
91.9,0.1809
92.1,0.1804
92.2,0.1798
92.4,0.1792
92.5,0.1786
92.6,0.1778
92.8,0.1772
92.9,0.1766
93.1,0.1759
93.2,0.1750
93.4,0.1745
93.5,0.1739
93.6,0.1731
93.8,0.1724
93.9,0.1718
94.0,0.1711
94.2,0.1704
94.3,0.1697
94.5,0.1690
94.6,0.1682
94.7,0.1676
94.9,0.1668
95.0,0.1662
95.1,0.1654
95.3,0.1646
95.4,0.1640
95.6,0.1631
95.7,0.1625
95.8,0.1617
96.0,0.1609
96.1,0.1603
96.3,0.1595
96.4,0.1587
96.5,0.1580
96.7,0.1575
96.8,0.1567
97.0,0.1558
97.1,0.1550
97.2,0.1542
97.4,0.1535
97.5,0.1527
97.7,0.1519
97.8,0.1511
97.9,0.1504
98.1,0.1496
98.2,0.1487
98.3,0.1479
98.5,0.1471
98.6,0.1463
98.7,0.1456
98.9,0.1446
99.0,0.1438
99.2,0.1429
99.3,0.1420
99.5,0.1412
99.6,0.1403
99.7,0.1394
99.9,0.1384
100.0,0.1376
100.1,0.1369
100.3,0.1359
100.4,0.1350
100.6,0.1342
100.7,0.1332
100.8,0.1324
101.0,0.1313
101.1,0.1304
101.2,0.1294
101.4,0.1283
101.5,0.1274
101.7,0.1263
101.8,0.1254
102.0,0.1243
102.1,0.1234
102.2,0.1223
102.4,0.1211
102.5,0.1201
102.6,0.1189
102.8,0.1178
102.9,0.1167
103.1,0.1156
103.2,0.1146
103.3,0.1133
103.5,0.1121
103.6,0.1110
103.8,0.1099
103.9,0.1087
104.0,0.1074
104.2,0.1060
104.3,0.1046
104.4,0.1037
104.6,0.1022
104.7,0.1009
104.9,0.0992
105.0,0.0983
105.2,0.0966
105.3,0.0953
105.4,0.0938
105.6,0.0924
105.7,0.0908
105.8,0.0894
106.0,0.0877
106.1,0.0865
106.3,0.0849
106.4,0.0832
106.5,0.0817
106.7,0.0801
106.8,0.0783
107.0,0.0766
107.1,0.0750
107.2,0.0733
107.4,0.0715
107.5,0.0698
107.6,0.0682
107.8,0.0663
107.9,0.0648
108.1,0.0631
108.2,0.0615
108.3,0.0598
108.5,0.0580
108.6,0.0564
108.7,0.0549
108.9,0.0530
109.0,0.0515
109.2,0.0499
0.0,0.0991
0.1,0.1411
0.3,0.1609
0.4,0.1742
0.6,0.1831
0.7,0.1896
0.8,0.1945
1.0,0.1998
1.1,0.2041
1.3,0.2079
1.4,0.2111
1.5,0.2147
1.7,0.2181
1.8,0.2210
2.0,0.2240
2.1,0.2266
2.2,0.2293
2.4,0.2314
2.5,0.2341
2.6,0.2361
2.8,0.2384
2.9,0.2401
3.1,0.2420
3.2,0.2438
3.3,0.2454
3.5,0.2469
3.6,0.2485
3.7,0.2496
3.9,0.2508
4.1,0.2522
4.2,0.2531
4.3,0.2542
4.5,0.2553
4.6,0.2561
4.7,0.2570
4.9,0.2576
5.0,0.2586
5.2,0.2593
5.3,0.2600
5.4,0.2604
5.6,0.2610
5.7,0.2615
5.8,0.2620
6.0,0.2626
6.1,0.2629
6.3,0.2634
6.4,0.2638
6.5,0.2641
6.7,0.2646
6.8,0.2649
7.0,0.2654
7.1,0.2655
7.2,0.2660
7.4,0.2662
7.5,0.2666
7.7,0.2669
7.8,0.2672
7.9,0.2674
8.1,0.2679
8.2,0.2682
8.4,0.2685
8.5,0.2686
8.6,0.2689
8.8,0.2693
8.9,0.2696
9.0,0.2699
9.2,0.2702
9.3,0.2705
9.5,0.2708
9.6,0.2711
9.7,0.2713
9.9,0.2716
10.0,0.2719
10.2,0.2722
10.3,0.2725
10.4,0.2728
10.6,0.2730
10.7,0.2733
10.8,0.2734
11.0,0.2737
11.1,0.2741
11.3,0.2742
11.4,0.2745
11.5,0.2748
11.7,0.2751
11.8,0.2755
12.0,0.2756
12.1,0.2759
12.2,0.2761
12.4,0.2764
12.5,0.2767
12.6,0.2768
12.8,0.2772
12.9,0.2773
13.1,0.2776
13.2,0.2778
13.4,0.2781
13.5,0.2782
13.6,0.2786
13.8,0.2787
13.9,0.2790
14.0,0.2792
14.2,0.2795
14.3,0.2796
14.4,0.2798
14.6,0.2801
14.7,0.2803
14.9,0.2804
15.0,0.2807
15.1,0.2809
15.3,0.2812
15.4,0.2813
15.6,0.2817
15.7,0.2818
15.8,0.2821
16.0,0.2823
16.1,0.2826
16.3,0.2827
16.4,0.2830
16.5,0.2832
16.7,0.2835
16.8,0.2838
17.0,0.2840
17.1,0.2843
17.2,0.2846
17.4,0.2848
17.5,0.2852
17.6,0.2854
17.8,0.2857
17.9,0.2860
18.1,0.2863
18.2,0.2866
18.4,0.2869
18.5,0.2874
18.6,0.2877
18.8,0.2880
18.9,0.2885
19.1,0.2888
19.2,0.2891
19.3,0.2894
19.5,0.2899
19.6,0.2903
19.7,0.2906
19.9,0.2911
20.0,0.2916
20.1,0.2920
20.3,0.2923
20.4,0.2930
20.6,0.2933
20.7,0.2937
20.8,0.2942
21.0,0.2948
21.1,0.2951
21.3,0.2958
21.4,0.2962
21.5,0.2967
21.7,0.2972
21.8,0.2976
21.9,0.2981
22.1,0.2989
22.2,0.2993
22.4,0.2999
22.5,0.3004
22.6,0.3010
22.8,0.3016
22.9,0.3023
23.1,0.3029
23.2,0.3034
23.3,0.3040
23.5,0.3047
23.6,0.3055
23.8,0.3060
23.9,0.3068
24.1,0.3074
24.2,0.3080
24.3,0.3088
24.5,0.3096
24.6,0.3102
24.7,0.3109
24.9,0.3117
25.0,0.3125
25.1,0.3131
25.3,0.3141
25.4,0.3147
25.6,0.3156
25.7,0.3164
25.8,0.3172
26.0,0.3179
26.1,0.3187
26.3,0.3196
26.4,0.3204
26.5,0.3212
26.7,0.3221
26.8,0.3230
27.0,0.3238
27.1,0.3247
27.2,0.3255
27.4,0.3266
27.5,0.3274
27.7,0.3285
27.8,0.3292
27.9,0.3302
28.1,0.3313
28.2,0.3322
28.3,0.3330
28.5,0.3340
28.7,0.3354
28.8,0.3361
28.9,0.3370
29.0,0.3379
29.2,0.3390
29.3,0.3399
29.5,0.3412
29.6,0.3420
29.7,0.3430
29.9,0.3440
30.0,0.3451
30.2,0.3461
30.3,0.3471
30.4,0.3482
30.6,0.3492
30.7,0.3503
30.8,0.3514
31.0,0.3525
31.1,0.3534
31.2,0.3545
31.4,0.3557
31.5,0.3567
31.7,0.3578
31.8,0.3588
32.0,0.3598
32.1,0.3609
32.2,0.3618
32.4,0.3629
32.5,0.3638
32.7,0.3649
32.8,0.3655
32.9,0.3664
33.1,0.3674
33.2,0.3680
33.4,0.3688
33.5,0.3695
33.6,0.3702
33.8,0.3709
33.9,0.3716
34.0,0.3720
34.2,0.3726
34.3,0.3731
34.4,0.3736
34.6,0.3740
34.7,0.3745
34.9,0.3748
35.0,0.3751
35.2,0.3754
35.3,0.3757
35.4,0.3761
35.6,0.3764
35.7,0.3765
35.8,0.3768
36.0,0.3771
36.1,0.3773
36.2,0.3774
36.4,0.3778
36.5,0.3781
36.7,0.3782
36.8,0.3785
37.0,0.3787
37.1,0.3790
37.2,0.3792
37.4,0.3795
37.5,0.3798
37.6,0.3799
37.8,0.3802
37.9,0.3805
38.1,0.3809
38.2,0.3812
38.3,0.3815
38.5,0.3818
38.6,0.3823
38.8,0.3826
38.9,0.3830
39.0,0.3833
39.2,0.3838
39.3,0.3843
39.5,0.3847
39.6,0.3854
39.7,0.3858
39.9,0.3861
40.0,0.3867
40.1,0.3874
40.3,0.3880
40.4,0.3885
40.6,0.3891
40.7,0.3895
40.8,0.3902
41.0,0.3908
41.1,0.3914
41.3,0.3920
41.4,0.3928
41.5,0.3936
41.7,0.3942
41.8,0.3950
42.0,0.3957
42.1,0.3965
42.2,0.3971
42.4,0.3979
42.5,0.3987
42.6,0.3995
42.8,0.4004
42.9,0.4012
43.1,0.4021
43.2,0.4029
43.3,0.4036
43.5,0.4046
43.6,0.4055
43.7,0.4064
43.9,0.4075
44.0,0.4085
44.2,0.4092
44.3,0.4103
44.5,0.4112
44.6,0.4123
44.7,0.4133
44.9,0.4142
45.0,0.4153
45.2,0.4164
45.3,0.4173
45.4,0.4184
45.6,0.4196
45.7,0.4207
45.8,0.4218
46.0,0.4229
46.1,0.4241
46.3,0.4253
46.4,0.4264
46.5,0.4277
46.7,0.4289
46.8,0.4300
46.9,0.4312
47.1,0.4326
47.2,0.4340
47.4,0.4351
47.5,0.4362
47.7,0.4381
47.8,0.4390
47.9,0.4402
48.1,0.4416
48.2,0.4430
48.3,0.4444
48.5,0.4458
48.6,0.4472
48.8,0.4486
48.9,0.4500
49.0,0.4512
49.2,0.4528
49.3,0.4540
49.4,0.4556
49.6,0.4570
49.7,0.4585
49.9,0.4596
50.0,0.4610
50.1,0.4624
50.3,0.4636
50.4,0.4650
50.6,0.4666
50.7,0.4677
50.8,0.4691
51.0,0.4701
51.1,0.4714
51.3,0.4731
51.4,0.4740
51.5,0.4751
51.7,0.4763
51.8,0.4776
51.9,0.4785
52.1,0.4794
52.2,0.4807
52.4,0.4818
52.5,0.4825
52.7,0.4835
52.8,0.4844
52.9,0.4853
53.1,0.4861
53.2,0.4872
53.4,0.4881
53.5,0.4887
53.6,0.4895
53.8,0.4905
53.9,0.4911
54.0,0.4918
54.2,0.4926
54.3,0.4932
54.5,0.4940
54.6,0.4946
54.7,0.4953
54.9,0.4959
55.0,0.4967
55.1,0.4971
55.3,0.4977
55.4,0.4984
55.6,0.4990
55.7,0.4996
55.8,0.5001
56.0,0.5007
56.1,0.5013
56.3,0.5018
56.4,0.5024
56.5,0.5029
56.7,0.5035
56.8,0.5039
57.0,0.5046
57.1,0.5052
57.2,0.5056
57.4,0.5060
57.5,0.5066
57.7,0.5070
57.8,0.5075
57.9,0.5081
58.1,0.5086
58.2,0.5092
58.3,0.5095
58.5,0.5100
58.6,0.5106
58.8,0.5111
58.9,0.5115
59.0,0.5120
59.2,0.5125
59.3,0.5129
59.5,0.5134
59.6,0.5139
59.7,0.5143
59.9,0.5148
60.0,0.5153
60.2,0.5159
60.3,0.5162
60.4,0.5166
60.6,0.5171
60.7,0.5176
60.8,0.5180
61.0,0.5185
61.2,0.5191
61.3,0.5194
61.4,0.5199
61.5,0.5204
61.7,0.5208
61.8,0.5213
62.0,0.5218
62.1,0.5222
62.2,0.5227
62.4,0.5230
62.5,0.5236
62.6,0.5239
62.8,0.5244
62.9,0.5249
63.1,0.5253
63.2,0.5258
63.3,0.5263
63.5,0.5267
63.6,0.5272
63.8,0.5275
63.9,0.5280
64.0,0.5286
64.2,0.5287
64.3,0.5294
64.4,0.5297
64.6,0.5303
64.7,0.5308
64.9,0.5311
65.0,0.5315
65.2,0.5320
65.3,0.5326
65.4,0.5329
65.6,0.5335
65.7,0.5340
65.8,0.5343
66.0,0.5349
66.1,0.5354
66.3,0.5359
66.4,0.5363
66.5,0.5368
66.7,0.5374
66.8,0.5377
67.0,0.5383
67.1,0.5388
67.2,0.5393
67.4,0.5399
67.5,0.5402
67.6,0.5407
67.8,0.5413
67.9,0.5418
68.1,0.5422
68.2,0.5427
68.5,0.5438
68.6,0.5442
68.8,0.5449
68.9,0.5453
69.0,0.5458
69.2,0.5464
69.3,0.5470
69.4,0.5473
69.6,0.5480
69.7,0.5486
69.9,0.5490
70.0,0.5497
70.1,0.5501
70.3,0.5506
70.4,0.5512
70.6,0.5518
70.7,0.5521
70.8,0.5528
71.0,0.5532
71.1,0.5539
71.2,0.5543
71.4,0.5549
71.5,0.5556
71.7,0.5562
71.8,0.5568
72.0,0.5573
72.1,0.5579
72.2,0.5585
72.4,0.5591
72.5,0.5596
72.6,0.5602
72.8,0.5608
72.9,0.5614
73.1,0.5621
73.2,0.5627
73.3,0.5633
73.5,0.5639
73.6,0.5645
73.8,0.5652
73.9,0.5658
74.0,0.5666
74.2,0.5670
74.3,0.5678
74.4,0.5684
74.6,0.5690
74.7,0.5697
74.9,0.5704
75.0,0.5711
75.2,0.5718
75.3,0.5725
75.4,0.5731
75.6,0.5738
75.7,0.5746
75.9,0.5752
76.0,0.5760
76.1,0.5768
76.3,0.5776
76.4,0.5783
76.5,0.5791
76.7,0.5800
76.8,0.5808
76.9,0.5816
77.1,0.5825
77.2,0.5835
77.4,0.5842
77.5,0.5853
77.6,0.5861
77.8,0.5870
77.9,0.5880
78.1,0.5889
78.2,0.5898
78.3,0.5909
78.5,0.5918
78.6,0.5928
78.8,0.5938
78.9,0.5948
79.0,0.5960
79.2,0.5969
79.3,0.5979
79.5,0.5988
79.6,0.5999
79.7,0.6008
79.9,0.6021
80.0,0.6031
80.2,0.6042
80.3,0.6053
80.4,0.6062
80.6,0.6073
80.7,0.6086
80.8,0.6098
81.0,0.6109
81.1,0.6121
81.2,0.6131
81.4,0.6145
81.5,0.6155
81.7,0.6168
81.8,0.6180
82.0,0.6193
82.1,0.6203
82.2,0.6216
82.4,0.6227
82.5,0.6239
82.7,0.6253
82.8,0.6266
82.9,0.6279
83.1,0.6290
83.2,0.6306
83.3,0.6318
83.5,0.6331
83.6,0.6345
83.8,0.6360
83.9,0.6374
84.0,0.6385
84.2,0.6402
84.3,0.6414
84.5,0.6430
84.6,0.6445
84.7,0.6459
84.9,0.6475
85.0,0.6490
85.2,0.6507
85.3,0.6520
85.4,0.6537
85.6,0.6552
85.7,0.6569
85.9,0.6588
86.0,0.6603
86.1,0.6620
86.3,0.6638
86.4,0.6655
86.5,0.6675
86.7,0.6689
86.8,0.6709
86.9,0.6726
87.1,0.6744
87.2,0.6763
87.4,0.6782
87.5,0.6802
87.6,0.6822
87.8,0.6844
87.9,0.6862
88.1,0.6884
88.2,0.6904
88.3,0.6924
88.5,0.6946
88.6,0.6968
88.8,0.6988
88.9,0.7013
89.0,0.7031
89.2,0.7058
89.3,0.7079
89.4,0.7101
89.6,0.7124
89.7,0.7149
89.9,0.7172
90.0,0.7192
90.2,0.7220
90.3,0.7242
90.4,0.7272
90.6,0.7290
90.7,0.7315
90.8,0.7341
91.0,0.7372
91.1,0.7391
91.3,0.7416
91.4,0.7439
91.5,0.7467
91.7,0.7492
91.8,0.7520
91.9,0.7544
92.1,0.7575
92.2,0.7597
92.4,0.7625
92.5,0.7651
92.7,0.7682
92.8,0.7707
92.9,0.7735
93.1,0.7764
93.2,0.7792
93.3,0.7823
93.5,0.7851
93.6,0.7887
93.8,0.7913
93.9,0.7946
94.0,0.7980
94.2,0.8009
94.3,0.8045
94.5,0.8079
94.6,0.8110
94.7,0.8147
94.9,0.8181
95.0,0.8217
95.2,0.8251
95.3,0.8291
95.4,0.8321
95.6,0.8353
95.7,0.8391
95.8,0.8426
96.0,0.8464
96.1,0.8504
96.3,0.8538
96.4,0.8572
96.5,0.8611
96.7,0.8645
96.8,0.8687
97.0,0.8722
97.1,0.8755
97.2,0.8795
97.4,0.8829
97.5,0.8863
97.7,0.8904
97.8,0.8943
97.9,0.8974
98.1,0.9011
98.2,0.9046
98.3,0.9084
98.5,0.9122
98.6,0.9161
98.8,0.9201
98.9,0.9234
99.0,0.9276
99.2,0.9311
99.3,0.9349
99.4,0.9384
99.6,0.9425
99.7,0.9463
99.9,0.9499
100.0,0.9536
100.2,0.9577
100.3,0.9618
100.4,0.9651
100.6,0.9701
100.7,0.9728
100.8,0.9766
101.0,0.9803
101.1,0.9845
101.3,0.9880
101.4,0.9921
101.5,0.9961
101.7,0.9998
101.7,1.0000
0.0,0.9071
0.2,0.6439
0.3,0.5982
0.4,0.5847
0.6,0.5762
0.7,0.5700
0.8,0.5652
1.0,0.5605
1.1,0.5571
1.3,0.5540
1.4,0.5509
1.5,0.5484
1.7,0.5458
1.8,0.5436
1.9,0.5414
2.1,0.5391
2.3,0.5365
2.4,0.5351
2.5,0.5337
2.7,0.5318
2.8,0.5300
2.9,0.5286
3.1,0.5272
3.2,0.5258
3.3,0.5242
3.5,0.5227
3.6,0.5216
3.8,0.5201
3.9,0.5188
4.0,0.5177
4.2,0.5163
4.3,0.5151
4.5,0.5142
4.6,0.5129
4.7,0.5118
4.9,0.5108
5.0,0.5097
5.2,0.5086
5.3,0.5075
5.4,0.5067
5.6,0.5056
5.7,0.5049
5.9,0.5038
6.0,0.5030
6.1,0.5021
6.3,0.5008
6.4,0.5002
6.5,0.4993
6.7,0.4985
6.8,0.4976
7.0,0.4968
7.1,0.4960
7.2,0.4953
7.4,0.4943
7.5,0.4936
7.6,0.4929
7.8,0.4922
7.9,0.4914
8.1,0.4905
8.2,0.4900
8.3,0.4892
8.5,0.4884
8.6,0.4877
8.8,0.4870
8.9,0.4864
9.0,0.4856
9.2,0.4850
9.3,0.4843
9.5,0.4836
9.6,0.4830
9.7,0.4824
9.9,0.4818
10.0,0.4812
10.1,0.4805
10.3,0.4799
10.4,0.4791
10.6,0.4787
10.7,0.4779
10.8,0.4774
11.0,0.4767
11.1,0.4760
11.3,0.4754
11.4,0.4746
11.5,0.4742
11.7,0.4736
11.8,0.4729
12.0,0.4722
12.1,0.4715
12.3,0.4708
12.4,0.4703
12.5,0.4694
12.7,0.4688
12.8,0.4681
12.9,0.4674
13.1,0.4667
13.2,0.4660
13.3,0.4652
13.5,0.4644
13.6,0.4638
13.8,0.4632
13.9,0.4622
14.0,0.4616
14.2,0.4608
14.3,0.4601
14.4,0.4593
14.6,0.4587
14.7,0.4579
14.9,0.4571
15.0,0.4563
15.2,0.4554
15.3,0.4548
15.4,0.4539
15.6,0.4531
15.7,0.4523
15.8,0.4515
16.0,0.4508
16.1,0.4500
16.3,0.4492
16.4,0.4484
16.5,0.4477
16.7,0.4466
16.8,0.4460
17.0,0.4452
17.1,0.4444
17.2,0.4435
17.4,0.4427
17.5,0.4419
17.7,0.4412
17.8,0.4404
17.9,0.4396
18.1,0.4388
18.2,0.4379
18.3,0.4371
18.5,0.4364
18.6,0.4357
18.8,0.4350
18.9,0.4342
19.0,0.4334
19.2,0.4326
19.3,0.4319
19.5,0.4311
19.6,0.4303
19.7,0.4295
19.9,0.4288
20.0,0.4280
20.1,0.4274
20.3,0.4264
20.4,0.4258
20.6,0.4250
20.7,0.4243
20.9,0.4233
21.0,0.4227
21.1,0.4219
21.2,0.4213
21.4,0.4205
21.5,0.4196
21.7,0.4190
21.8,0.4184
22.0,0.4174
22.1,0.4168
22.2,0.4160
22.4,0.4153
22.5,0.4147
22.6,0.4139
22.8,0.4131
22.9,0.4125
23.1,0.4117
23.2,0.4109
23.3,0.4103
23.5,0.4097
23.6,0.4089
23.8,0.4083
23.9,0.4075
24.1,0.4066
24.2,0.4060
24.3,0.4054
24.4,0.4046
24.6,0.4038
24.7,0.4032
24.9,0.4024
25.0,0.4018
25.2,0.4010
25.3,0.4002
25.4,0.3996
25.6,0.3988
25.7,0.3982
25.8,0.3976
26.0,0.3968
26.1,0.3961
26.3,0.3954
26.4,0.3948
26.5,0.3940
26.7,0.3933
26.8,0.3925
27.0,0.3919
27.1,0.3911
27.2,0.3905
27.4,0.3898
27.5,0.3892
27.6,0.3886
27.8,0.3880
27.9,0.3872
28.1,0.3866
28.2,0.3858
28.3,0.3852
28.5,0.3844
28.6,0.3838
28.8,0.3832
28.9,0.3824
29.0,0.3816
29.2,0.3810
29.3,0.3802
29.5,0.3795
29.6,0.3788
29.7,0.3781
29.9,0.3774
30.0,0.3767
30.1,0.3759
30.3,0.3753
30.4,0.3745
30.6,0.3737
30.7,0.3730
30.8,0.3722
31.0,0.3714
31.1,0.3706
31.3,0.3699
31.4,0.3692
31.5,0.3685
31.7,0.3675
31.8,0.3669
32.0,0.3663
32.1,0.3657
32.2,0.3647
32.4,0.3641
32.5,0.3635
32.6,0.3627
32.8,0.3619
32.9,0.3613
33.1,0.3606
33.2,0.3599
33.4,0.3592
33.5,0.3585
33.6,0.3579
33.8,0.3573
33.9,0.3565
34.0,0.3559
34.2,0.3553
34.3,0.3548
34.5,0.3540
34.6,0.3536
34.8,0.3528
34.9,0.3523
35.0,0.3517
35.2,0.3511
35.3,0.3506
35.4,0.3500
35.6,0.3494
35.7,0.3489
35.9,0.3483
36.0,0.3478
36.1,0.3474
36.3,0.3468
36.4,0.3463
36.5,0.3457
36.7,0.3452
36.8,0.3447
37.0,0.3443
37.1,0.3438
37.2,0.3433
37.4,0.3430
37.5,0.3427
37.6,0.3423
37.8,0.3418
37.9,0.3415
38.1,0.3410
38.2,0.3407
38.3,0.3402
38.5,0.3399
38.6,0.3396
38.8,0.3392
38.9,0.3390
39.0,0.3385
39.2,0.3382
39.3,0.3379
39.4,0.3376
39.6,0.3373
39.7,0.3370
39.9,0.3367
40.0,0.3364
40.1,0.3361
40.3,0.3358
40.4,0.3354
40.6,0.3351
40.7,0.3348
40.9,0.3344
41.0,0.3340
41.1,0.3337
41.3,0.3334
41.4,0.3331
41.5,0.3328
41.7,0.3323
41.8,0.3320
42.0,0.3316
42.1,0.3314
42.2,0.3309
42.4,0.3306
42.5,0.3302
42.6,0.3299
42.8,0.3294
42.9,0.3291
43.1,0.3286
43.2,0.3283
43.4,0.3278
43.5,0.3275
43.6,0.3272
43.8,0.3268
43.9,0.3265
44.0,0.3260
44.2,0.3255
44.3,0.3251
44.5,0.3247
44.6,0.3243
44.7,0.3240
44.9,0.3235
45.0,0.3230
45.2,0.3226
45.3,0.3223
45.4,0.3218
45.6,0.3213
45.7,0.3209
45.8,0.3206
46.0,0.3201
46.1,0.3198
46.3,0.3192
46.4,0.3189
46.5,0.3184
46.7,0.3179
46.8,0.3175
47.0,0.3170
47.1,0.3165
47.2,0.3161
47.4,0.3156
47.5,0.3151
47.7,0.3145
47.8,0.3141
47.9,0.3134
48.1,0.3131
48.2,0.3127
48.4,0.3120
48.5,0.3116
48.6,0.3111
48.8,0.3106
48.9,0.3099
49.1,0.3096
49.2,0.3089
49.3,0.3085
49.4,0.3080
49.6,0.3074
49.7,0.3069
49.9,0.3063
50.0,0.3057
50.1,0.3052
50.3,0.3046
50.4,0.3040
50.6,0.3034
50.7,0.3026
50.8,0.3021
51.0,0.3015
51.1,0.3009
51.2,0.3003
51.4,0.2995
51.6,0.2989
51.7,0.2982
51.8,0.2976
51.9,0.2970
52.1,0.2964
52.3,0.2956
52.4,0.2951
52.5,0.2944
52.6,0.2937
52.8,0.2931
52.9,0.2925
53.1,0.2919
53.2,0.2911
53.3,0.2905
53.5,0.2899
53.6,0.2891
53.8,0.2885
53.9,0.2877
54.1,0.2871
54.2,0.2866
54.3,0.2858
54.4,0.2852
54.6,0.2846
54.9,0.2832
55.0,0.2826
55.2,0.2820
55.3,0.2813
55.4,0.2807
55.6,0.2799
55.7,0.2793
55.8,0.2787
56.0,0.2781
56.1,0.2775
56.4,0.2761
56.5,0.2756
56.7,0.2750
56.8,0.2744
57.0,0.2737
57.1,0.2733
57.2,0.2727
57.4,0.2720
57.5,0.2716
57.7,0.2708
57.8,0.2702
57.9,0.2696
58.1,0.2691
58.2,0.2685
58.4,0.2679
58.5,0.2672
58.6,0.2668
58.8,0.2662
58.9,0.2657
59.0,0.2651
59.2,0.2644
59.3,0.2638
59.5,0.2634
59.6,0.2627
59.7,0.2623
59.9,0.2618
60.0,0.2612
60.2,0.2607
60.3,0.2603
60.4,0.2596
60.6,0.2592
60.7,0.2587
60.8,0.2581
61.0,0.2576
61.1,0.2572
61.3,0.2565
61.4,0.2561
61.5,0.2558
61.7,0.2551
61.8,0.2548
62.0,0.2542
62.1,0.2539
62.2,0.2533
62.4,0.2530
62.5,0.2525
62.6,0.2520
62.8,0.2516
62.9,0.2513
63.1,0.2508
63.2,0.2503
63.4,0.2500
63.5,0.2497
63.6,0.2493
63.8,0.2488
63.9,0.2485
64.0,0.2480
64.2,0.2476
64.3,0.2472
64.4,0.2469
64.6,0.2466
64.7,0.2462
64.9,0.2458
65.0,0.2454
65.2,0.2451
65.3,0.2448
65.4,0.2445
65.6,0.2441
65.7,0.2437
65.9,0.2434
66.0,0.2431
66.1,0.2427
66.3,0.2423
66.4,0.2421
66.5,0.2417
66.7,0.2415
66.8,0.2412
66.9,0.2409
67.1,0.2404
67.2,0.2403
67.4,0.2400
67.5,0.2396
67.6,0.2395
67.8,0.2390
67.9,0.2387
68.1,0.2386
68.2,0.2383
68.3,0.2379
68.5,0.2376
68.6,0.2373
68.8,0.2370
68.9,0.2369
69.0,0.2365
69.2,0.2362
69.3,0.2361
69.5,0.2358
69.6,0.2356
69.7,0.2353
69.9,0.2350
70.0,0.2348
70.1,0.2345
70.3,0.2344
70.4,0.2341
70.6,0.2339
70.7,0.2336
70.8,0.2333
71.0,0.2331
71.1,0.2330
71.3,0.2327
71.4,0.2325
71.5,0.2322
71.7,0.2320
71.8,0.2317
72.0,0.2316
72.1,0.2313
72.2,0.2311
72.4,0.2308
72.5,0.2305
72.6,0.2303
72.8,0.2300
72.9,0.2299
73.1,0.2296
73.2,0.2294
73.4,0.2291
73.5,0.2289
73.6,0.2286
73.8,0.2285
73.9,0.2282
74.0,0.2280
74.2,0.2277
74.3,0.2276
74.5,0.2272
74.6,0.2271
74.7,0.2269
74.9,0.2266
75.0,0.2265
75.2,0.2262
75.3,0.2258
75.4,0.2257
75.6,0.2254
75.7,0.2252
75.8,0.2249
76.0,0.2248
76.1,0.2245
76.3,0.2241
76.4,0.2240
76.5,0.2237
76.7,0.2235
76.8,0.2232
77.0,0.2229
77.1,0.2227
77.2,0.2224
77.4,0.2221
77.5,0.2220
77.6,0.2217
77.8,0.2214
77.9,0.2212
78.1,0.2209
78.2,0.2207
78.3,0.2204
78.5,0.2201
78.6,0.2200
78.8,0.2196
78.9,0.2193
79.0,0.2192
79.2,0.2189
79.3,0.2186
79.5,0.2184
79.6,0.2181
79.7,0.2178
79.9,0.2175
80.0,0.2173
80.1,0.2170
80.3,0.2167
80.4,0.2165
80.6,0.2162
80.7,0.2161
80.9,0.2156
81.0,0.2155
81.1,0.2152
81.3,0.2148
81.4,0.2145
81.5,0.2144
81.7,0.2141
81.8,0.2138
82.0,0.2134
82.1,0.2131
82.2,0.2130
82.4,0.2127
82.5,0.2124
82.6,0.2121
82.8,0.2119
82.9,0.2116
83.1,0.2111
83.2,0.2110
83.3,0.2107
83.5,0.2103
83.6,0.2100
83.7,0.2099
83.9,0.2096
84.0,0.2093
84.2,0.2090
84.3,0.2086
84.5,0.2083
84.6,0.2080
84.7,0.2077
84.9,0.2074
85.0,0.2071
85.1,0.2068
85.3,0.2065
85.4,0.2062
85.6,0.2059
85.7,0.2055
85.8,0.2052
86.0,0.2049
86.1,0.2046
86.2,0.2043
86.4,0.2038
86.5,0.2037
86.7,0.2034
86.8,0.2031
86.9,0.2028
87.1,0.2023
87.2,0.2020
87.4,0.2017
87.5,0.2012
87.7,0.2009
87.8,0.2006
87.9,0.2001
88.1,0.1997
88.2,0.1993
88.3,0.1989
88.5,0.1984
88.6,0.1981
88.8,0.1976
88.9,0.1973
89.0,0.1969
89.2,0.1962
89.3,0.1959
89.4,0.1955
89.6,0.1950
89.7,0.1945
89.9,0.1941
90.0,0.1936
90.1,0.1931
90.3,0.1927
90.4,0.1922
90.6,0.1917
90.7,0.1913
90.8,0.1907
91.0,0.1902
91.1,0.1897
91.3,0.1893
91.4,0.1888
91.5,0.1882
91.7,0.1877
91.8,0.1873
92.0,0.1868
92.1,0.1862
92.3,0.1857
92.4,0.1852
92.5,0.1848
92.6,0.1842
92.8,0.1837
92.9,0.1831
93.1,0.1826
93.2,0.1821
93.3,0.1815
93.5,0.1811
93.6,0.1806
93.8,0.1801
93.9,0.1797
94.0,0.1792
94.2,0.1786
94.3,0.1781
94.5,0.1776
94.6,0.1770
94.7,0.1766
94.9,0.1759
95.0,0.1755
95.1,0.1749
95.3,0.1744
95.4,0.1739
95.6,0.1733
95.7,0.1728
95.8,0.1722
96.0,0.1716
96.1,0.1711
96.3,0.1705
96.4,0.1700
96.5,0.1696
96.7,0.1690
96.8,0.1683
97.0,0.1677
97.1,0.1673
97.2,0.1668
97.4,0.1662
97.5,0.1657
97.7,0.1649
97.8,0.1645
97.9,0.1638
98.1,0.1634
98.2,0.1628
98.3,0.1621
98.5,0.1615
98.6,0.1611
98.8,0.1604
98.9,0.1598
99.0,0.1592
99.2,0.1586
99.3,0.1580
99.4,0.1575
99.6,0.1569
99.7,0.1564
99.9,0.1556
100.0,0.1550
100.1,0.1544
100.3,0.1538
100.4,0.1530
100.6,0.1524
100.7,0.1518
100.8,0.1511
101.0,0.1504
101.1,0.1496
101.3,0.1491
101.4,0.1483
101.5,0.1477
101.7,0.1469
101.8,0.1462
101.9,0.1456
102.1,0.1448
102.2,0.1438
102.4,0.1432
102.5,0.1425
102.6,0.1417
102.8,0.1409
102.9,0.1401
103.1,0.1394
103.2,0.1386
103.3,0.1378
103.5,0.1369
103.6,0.1361
103.8,0.1353
103.9,0.1344
104.0,0.1338
104.2,0.1328
104.3,0.1319
104.4,0.1311
104.6,0.1301
104.7,0.1291
104.9,0.1283
105.0,0.1274
105.1,0.1263
105.3,0.1254
105.4,0.1243
105.6,0.1231
105.7,0.1221
105.8,0.1212
106.0,0.1200
106.1,0.1189
106.3,0.1178
106.4,0.1167
106.5,0.1155
106.7,0.1142
106.8,0.1130
107.0,0.1116
107.1,0.1107
107.2,0.1093
107.4,0.1079
107.5,0.1068
107.7,0.1054
107.8,0.1042
107.9,0.1028
108.1,0.1014
108.2,0.1000
108.3,0.0984
108.5,0.0972
108.6,0.0955
108.8,0.0939
108.9,0.0927
109.0,0.0911
109.2,0.0893
109.3,0.0882
109.4,0.0867
109.6,0.0849
109.7,0.0834
109.9,0.0818
110.0,0.0801
110.2,0.0786
110.3,0.0772
110.4,0.0753
110.6,0.0736
110.7,0.0721
110.8,0.0704
111.0,0.0687
111.1,0.0670
111.3,0.0653
111.4,0.0636
111.5,0.0618
111.7,0.0603
111.8,0.0586
112.0,0.0567
112.1,0.0553
112.2,0.0535
112.4,0.0518
112.5,0.0502
112.5,0.0499
